API/UWI,Operator Alias,Well/Lease Name,Well Number,Entity Type,County/Parish,Reservoir,Production Type,Producing Status,Drill Type,First Prod Date,Last Prod Date,Cum Gas,Cum Oil,Cum BOE,Cum Water,Cum MMCFGE,Cum BCFGE,Daily Gas,Daily Oil,First Month Oil,First Month Gas,First Month Water,First 6 Oil,First 6 Gas,First 6 BOE,First 6 Water,First 12 Oil,First 12 Gas,First 12 BOE,First 12 MMCFGE,First 12 Water,First 24 Oil,First 24 Gas,First 24 BOE,First 24 MMCFGE,First 24 Water,First 60 Oil,First 60 Gas,First 60 BOE,First 60 Water,First 60 MMCFGE,Prac IP Oil Daily,Prac IP Gas Daily,Prac IP CFGED,Prac IP BOE,Latest Oil,Latest Gas,Latest Water,Prior 12 Oil,Prior 12 Gas,Prior 12 Water,Last Test Date,Last Flow Pressure,Last WHSIP,2nd Month GOR,Latest GOR,Cum GOR,Last 12 Yield,2nd Month Yield,Latest Yield,Peak Gas,Peak Gas Month No.,Peak Oil,Peak Oil Month No.,Peak BOE,Peak BOE Month No.,Peak MMCFGE,Peak MMCFGE Month No.,Upper Perforation,Lower Perforation,Gas Gravity,Oil Gravity,Completion Date,Well Count,Max Active Wells,Months Produced,Gas Gatherer,Oil Gatherer,Lease Number,Spud Date,Measured Depth (TD),True Vertical Depth,Perforated Interval Length,Field,State,District,Basin,Country,Section,Township,Range,Abstract,Block,Survey,OCS Area,PGC Area,EUR Primary Product,EUR Calc Date,BE Oil EUR,BE Oil EUR NORM 10kft,BE Oil Delta EUR,BE Oil Delta EUR Percent,BE Gas EUR,BE Oil GAS NORM 10kft,BE Gas Delta EUR,BE Gas Delta EUR Percent,BE B-Factor,BE Initial Rate,BE Final Rate,BE End Date,BE Initial Decline,BE Oil RRR,BE Gas RRR,Full Oil EUR,Full Gas EUR,Full B-Factor,Full Final Rate,Full End Date,Full Initial Decline,Full Oil RRR,Full Gas RRR,Surface Latitude (WGS84),Surface Longitude (WGS84),Reported Operator,Last 12 Oil,Last 12 Gas,Last 12 Water,Entity ID
42383398580000,"PT PETROLEUM, LLC",UNIVERSITY ORANGE,1041A,WELL,REAGAN (TX),TREND AREA,OIL,ACTIVE,H,8/1/2017,9/1/2017,2217,3900,4270,null,26,0,36,64,895,528,null,null,null,null,null,null,null,null,null,null,null,null,null,null,null,null,null,null,null,null,100,56,657300,110,3005,1689,null,null,null,null,null,null,null,560,568.462,570,1759.134,1779.2,1779.2,1689,2,3005,2,3287,null,20,null,null,null,null,null,null,1,1,2,(N/A),(N/A),P825451,5/27/2017,12000,null,null,SPRABERRY,TX,07C,PERMIAN BASIN,USA,,0,0,,,,(N/A),P-440,,null,null,,null,null,null,#VALUE!,null,null,null,null,null,null,null,null,null,null,null,null,null,null,null,null,null,31.1289047,-101.7324011,"PT PETROLEUM, LLC",3900,2217,null,-198566
42383398590000,"PT PETROLEUM, LLC",UNIVERSITY ORANGE,1042A,WELL,REAGAN (TX),TREND AREA,OIL,ACTIVE,H,8/1/2017,9/1/2017,3883,7780,8427,null,51,0,64,128,1625,880,null,null,null,null,null,null,null,null,null,null,null,null,null,null,null,null,null,null,null,null,205,100,1331100,222,6155,3003,null,null,null,null,null,null,null,490,499.1,500,2003.605,2049.6,2049.6,3003,2,6155,2,6656,null,40,null,null,null,null,null,null,1,1,2,(N/A),(N/A),P825646,6/11/2017,12000,null,null,SPRABERRY,TX,07C,PERMIAN BASIN,USA,,0,0,,,,(N/A),P-440,,null,null,,null,null,null,#VALUE!,null,null,null,null,null,null,null,null,null,null,null,null,null,null,null,null,null,31.1289047,-101.7324011,"PT PETROLEUM, LLC",7780,3883,null,-198495
42461405890000,"PT PETROLEUM, LLC",UNIVERSITY RED,5111B,WELL,UPTON (TX),TREND AREA,OIL,ACTIVE,H,9/1/2017,9/1/2017,1893,3702,4018,null,24,0,63,123,3702,1893,null,null,null,null,null,null,null,null,null,null,null,null,null,null,null,null,null,null,null,null,0,0,null,0,3702,1893,null,null,null,null,null,null,null,null,511.345,510,1955.626,0,1955.6,1893,1,3702,1,4018,null,24,null,null,null,null,null,null,1,1,1,(N/A),(N/A),P826238,6/29/2017,9600,null,null,SPRABERRY,TX,07C,PERMIAN BASIN,USA,,0,0,,,,(N/A),P-440,,null,null,,null,null,null,#VALUE!,null,null,null,null,null,null,null,null,null,null,null,null,null,null,null,null,null,31.1012335,-101.8564052,"PT PETROLEUM, LLC",3702,1893,null,-198458
42461404170000,SUMMIT PETROLEUM LLC,DOROTHY G,12WB,WELL,UPTON (TX),TREND AREA,OIL,ACTIVE,H,5/1/2017,9/1/2017,85093,64971,79153,null,475,0,556,425,490,424,null,null,null,null,null,null,null,null,null,null,null,null,null,null,null,null,null,null,null,null,158,187,1137100,190,22337,37051,null,null,null,null,null,null,null,1180,1309.707,1310,763.529,845.2,602.9,37051,5,22337,5,28512,null,171,null,null,null,null,null,null,1,1,5,(N/A),(N/A),P818180,2/13/2017,20231,null,null,SPRABERRY,TX,07C,PERMIAN BASIN,USA,,0,0,,,,(N/A),P-440,,null,null,,null,null,null,#VALUE!,null,null,null,null,null,null,null,null,null,null,null,null,null,null,null,null,null,31.3509424,-102.0615128,SUMMIT PETROLEUM LLC,64971,85093,null,-196905
42461404550000,"PARSLEY ENERGY OPERATIONS, LLC",MORGAN 25-26H,4415,WELL,UPTON (TX),TREND AREA) R 40 EX,OIL,ACTIVE,H,5/1/2017,10/1/2017,79319,69111,82331,null,494,0,431,376,18099,20686,null,69111,79319,82331,0,null,null,null,null,null,null,null,null,null,null,null,null,null,null,null,620,827,4550200,758,5910,5296,null,null,null,null,null,null,null,1330,1147.704,1150,871.304,749.9,1115.9,24822,2,18614,2,22751,null,137,null,null,null,null,null,null,1,1,6,(N/A),(N/A),P819683,2/1/2017,20223,null,null,SPRABERRY,TX,07C,PERMIAN BASIN,USA,,0,0,,,,(N/A),P-440,,null,null,,null,null,null,#VALUE!,null,null,null,null,null,null,null,null,null,null,null,null,null,null,null,null,null,31.4173622,-101.915108,"PARSLEY ENERGY OPERATIONS, LLC",69111,79319,null,-196381
42461403130000,"PARSLEY ENERGY OPERATIONS, LLC",MORGAN 33,4215H,WELL,UPTON (TX),TREND AREA) R 40 EX,OIL,ACTIVE,H,7/1/2016,10/1/2017,213118,93319,128839,null,773,1,379,133,14042,13290,null,58690,100466,75434,0,83994,184315,114713,688,null,null,null,null,null,null,null,null,null,null,null,536,806,4019645,670,2147,3481,null,48053,82386,null,null,null,null,1510,2888.084,2280,346.25,664.4,616.8,24991,2,16603,2,20768,null,125,null,null,null,null,null,null,1,1,16,(N/A),(N/A),P814325,5/3/2016,14027,0,null,SPRABERRY,TX,07C,PERMIAN BASIN,USA,,0,0,,,,(N/A),P-440,OIL,10/27/2017,341478,,-2683,-0.78,917518,#VALUE!,87081,10.49,2,226,3,4/10/2066,0.711509,252188,0,330759,887199,1.51,2.71,10/12/2065,0.835887,241469,0,31.4244814,-101.9517095,"PARSLEY ENERGY OPERATIONS, LLC",45266,130732,null,-192603
42461403120000,"PARSLEY ENERGY OPERATIONS, LLC",MORGAN 33,4415H,WELL,UPTON (TX),TREND AREA) R 40 EX,OIL,ACTIVE,H,7/1/2016,10/1/2017,167147,84723,112581,null,675,1,292,113,13262,13765,null,55720,78973,68882,0,78219,141450,101794,611,null,null,null,null,null,null,null,null,null,null,null,502,647,3658710,610,1641,4968,null,48192,68009,null,null,null,null,1290,2713.805,1970,368.486,776.2,330.3,20048,2,15562,2,18903,null,113,null,null,null,null,null,null,1,1,16,(N/A),(N/A),P814282,5/27/2016,14404,0,null,SPRABERRY,TX,07C,PERMIAN BASIN,USA,,0,0,,,,(N/A),P-440,OIL,10/27/2017,153726,,-10916,-6.63,322666,#VALUE!,4297,1.35,0.82,512,1,8/27/2051,0.865934,71956,0,153726,322666,0.82,1,8/27/2051,0.865934,71956,0,31.4245614,-101.9517095,"PARSLEY ENERGY OPERATIONS, LLC",36531,99138,null,-192601
42461400030000,"PARSLEY ENERGY OPERATIONS, LLC",MORGAN 25-26,11H,LEASE,UPTON (TX),TREND AREA) R 40 EX,OIL,ACTIVE,H,7/1/2015,10/1/2017,406641,210613,278386,396639,1670,2,352,142,1737,1206,3271,86930,104410,104332,163711,136845,226047,174519,1047,257714,194633,365570,255561,1533,366545,null,null,null,null,null,873,842,6078645,1013,3829,7760,7211,97691,213761,183977,8/8/2015,null,null,960,2494.139,1930,400.94,1036.5,493.4,26102,2,27056,2,31406,null,188,null,9574,16823,null,41,4/25/1977,1,1,28,TARGA PL MID-CONT WESTTEX LLC,"MEDALLION OPERATING COMPANY, LLC",19108,5/31/2015,16896,null,7249,SPRABERRY,TX,07C,PERMIAN BASIN,USA,25,0,0,23,B,CCSD&RGNG RR CO,(N/A),P-440,OIL,10/27/2017,646003,891161.54,28212,4.57,1470039,2027919.71,93960,6.83,1.41,888,5,10/11/2064,0.779017,442962,0,646003,1470039,1.41,5.42,10/11/2064,0.779017,442962,0,31.4241473,-101.926353,"PARSLEY ENERGY OPERATIONS, LLC",51099,127448,96234,107374477
42461399700000,HUNT OIL COMPANY,UNIVERSITY-TOPAZ 1-51,2HB,LEASE,UPTON (TX),TREND AREA,OIL,ACTIVE,H,3/1/2015,10/1/2017,133218,100341,122544,207079,735,1,98,67,40,null,83,33567,38203,39934,69274,55551,69290,67099,403,114644,84299,113053,103141,619,173973,null,null,null,null,null,415,533,3020200,503,1927,2917,3977,34352,53016,70895,4/10/2015,null,null,1280,1407.572,1330,710.443,778.4,660.6,15978,1,12438,2,15101,2,91,2,9010,16527,null,41.73,5/1/1978,1,1,32,TARGA MIDSTREAM SERVICES LLC,"PLAINS MARKETING, L.P.",18897,1/7/2015,16547,null,7517,SPRABERRY,TX,07C,PERMIAN BASIN,USA,1,0,0,U128,58,UL,(N/A),P-440,OIL,10/27/2017,399165,531016.36,3443,0.87,571812,760691.77,-8928,-1.54,2,409,4,6/11/2064,0.772842,302649,0,399165,571812,2,4.15,6/11/2064,0.772842,302649,0,31.2119658,-101.8815119,HUNT OIL COMPANY,24354,34280,50260,107374627
42383397140000,PCORE EXPLORATION & PROD II LLC,STATE CARTER,1HB,LEASE,REAGAN (TX),TREND AREA) R 40 EX,OIL,ACTIVE,H,2/1/2017,10/1/2017,188769,202005,233466,397790,1401,1,691,740,11209,9857,22073,143728,131373,165623,283030,null,null,null,null,null,null,null,null,null,null,null,null,null,null,null,996,932,6907419,1151,18489,18821,36409,null,null,null,3/27/2017,null,null,940,934.477,930,1070.117,1069.1,982.4,28880,2,30875,2,35688,null,214,null,9287,18131,null,40,1/27/2001,1,1,9,TARGA PL MID-CONT WESTTEX LLC,"MEDALLION OPERATING COMPANY, LLC",19496,11/16/2016,18237,null,8844,SPRABERRY,TX,07C,PERMIAN BASIN,USA,2,0,0,795,,"HE&WT RR CO/SHAMBLIN, W C",(N/A),P-440,OIL,10/27/2017,2497560,2824016.28,null,null,2284583,2583201.04,null,null,1.93,1013,27,5/15/2066,0.457151,2331952,0,2497560,2284583,1.93,27.3,5/15/2066,0.457151,2331952,0,31.3451808,-101.7304676,PCORE EXPLORATION & PROD II LLC,202005,188769,397790,107374811
42461400600000,PIONEER NATURAL RESOURCES COMPANY,XBC GIDDINGS ESTATE K,23H,LEASE,UPTON (TX),TREND AREA,OIL,ACTIVE,H,8/1/2015,10/1/2017,250159,157174,198867,125186,1193,1,288,110,725,646,811,70953,74347,83344,75045,105052,122857,125528,753,96001,148534,222019,185537,1113,120667,null,null,null,null,null,725,662,5012633,835,2648,9776,1385,79217,111246,60607,2/1/2017,null,null,910,2641.492,1590,378.574,1094.9,270.9,19867,2,21752,2,25063,null,150,null,9372,16034,null,40,3/25/1979,1,1,27,TARGA MIDSTREAM SERVICES LLC,"PLAINS MARKETING, L.P.",19149,5/19/2015,16253,null,6662,SPRABERRY,TX,07C,PERMIAN BASIN,USA,3,0,0,544,,THROCKMORTON CSL,(N/A),P-440,OIL,10/27/2017,447927,672361.15,10698,2.45,940620,1411918.34,60224,6.84,1.31,715,3,11/10/2064,0.797859,296137,0,447927,940620,1.31,3.48,11/10/2064,0.797859,296137,0,31.4476244,-102.0073264,"PIONEER NATURAL RES. USA, INC.",39193,103528,21240,107374820
42461401320000,"PARSLEY ENERGY OPERATIONS, LLC",COUNCIL-MORGAN 27,4404H,LEASE,UPTON (TX),TREND AREA) R 40 EX,OIL,ACTIVE,H,8/1/2015,10/1/2017,285302,156276,203826,330352,1223,1,282,106,6317,5376,13354,71000,84888,85148,150088,105064,146758,129524,777,222095,149637,262680,193417,1161,316319,null,null,null,null,null,691,687,4832367,805,566,6116,1196,77777,146838,164412,9/4/2015,null,null,990,2634.173,1830,379.626,1005,92.5,20621,2,20725,2,24162,null,145,null,9667,14565,null,41.07,12/1/1978,1,1,27,TARGA PIPELINE MID-CONTINENT LLC,"MEDALLION OPERATING COMPANY, LLC",19143,7/3/2015,14706,null,4898,SPRABERRY,TX,07C,PERMIAN BASIN,USA,28,0,0,1488,B,"CCSD&RGNG RR CO/PRESTON, S R",(N/A),P-440,OIL,10/27/2017,584565,1193476.93,7774,1.35,1404328,2867145.77,30739,2.24,2,146,5,12/5/2065,0.341529,431720,0,505075,1195714,1.49,4.37,11/10/2064,0.787233,352230,0,31.4257054,-101.9466158,"PARSLEY ENERGY OPERATIONS, LLC",37597,99037,79476,107374823
42461402270000,PIONEER NATURAL RESOURCES COMPANY,UNIVERSITY 3-67 PU,0,LEASE,UPTON (TX),TREND AREA) R 40 EX,OIL,ACTIVE,H,2/1/2016,10/1/2017,902997,410424,560924,737228,3366,3,1380,439,null,84,0,188226,244585,228990,358578,304479,534434,393551,2361,574551,null,null,null,null,null,null,null,null,null,null,1476,1373,10231097,1705,9882,37549,15174,255056,388115,485891,4/17/2017,null,null,930,3313.951,2200,301.755,1075,263.2,60552,6,45765,1,52861,2,317,2,8731,18663,null,41.63,2/26/1979,2,2,21,TARGA PL MID-CONT WESTTEX LLC,"PLAINS MARKETING, L.P.",19258,11/20/2015,18765,null,9932,SPRABERRY,TX,07C,PERMIAN BASIN,USA,7,0,0,U7,3,UL,(N/A),P-440,OIL,10/27/2017,992919,999717.08,1301,0.13,2656028,2674212.65,136753,5.43,0.85,1505,5,5/14/2065,0.696993,602540,0,992919,2656028,0.85,4.89,5/14/2065,0.696993,602540,0,31.2763571,-101.780138,"PIONEER NATURAL RES. USA, INC.",155368,514882,251337,107374920
42461398850000,CONCHO RESOURCES INC.,MARY A UNIT,32H,LEASE,UPTON (TX),TREND AREA,OIL,ACTIVE,H,8/1/2015,10/1/2017,467725,210427,288381,266707,1730,2,573,171,6869,8220,8972,48020,47389,55918,62719,128084,203806,162052,972,167293,198209,422504,268626,1612,252855,null,null,null,null,null,1,0,8800,1,3793,12031,4300,124875,238620,163102,4/10/2017,null,null,0,3363.465,2220,297.312,null,315.3,33581,11,18669,3,21865,null,131,null,9569,19931,null,40,8/9/2015,1,1,27,TARGA PL MID-CONT WESTTEX LLC,"ENLINK CRUDE MARKETING, LLC",19209,5/16/2015,20035,null,10362,SPRABERRY,TX,07C,PERMIAN BASIN,USA,64,0,0,599,C,"CCSD&RGNG RR CO/SELF, MRS L A",(N/A),P-440,OIL,10/27/2017,257459,248464.58,8543,3.43,619215,597582.51,38573,6.64,0.24,757,1,1/15/2024,0.674813,54894,0,257459,619215,0.24,0.98,1/15/2024,0.674813,54894,0,31.4047719,-102.0352522,COG OPERATING LLC,59970,201707,70192,107374931
42461401190000,CONCHO RESOURCES INC.,LAURAJEAN UNIT,0,LEASE,UPTON (TX),TREND AREA,OIL,ACTIVE,H,12/1/2015,10/1/2017,1180350,446547,643272,450620,3860,4,1649,375,5802,1459,6293,214669,268991,259501,232837,331967,641678,438913,2633,360064,null,null,null,null,null,null,null,null,null,null,1877,1692,12952710,2159,8066,55043,6033,312967,565094,339456,4/6/2017,null,null,900,4605.899,2640,217.113,1109.5,146.5,81046,8,58182,2,66922,null,402,null,9302,19940,null,40,12/30/1990,2,2,23,TARGA PL MID-CONT WESTTEX LLC,"ENLINK CRUDE MARKETING, LLC",19261,7/25/2015,20024,0,10638,SPRABERRY,TX,07C,PERMIAN BASIN,USA,64,0,0,599,C,"CCSD&RGNG RR CO / SELF, MRS L A",(N/A),P-440,OIL,10/27/2017,1386986,1303803.35,167,0.01,4921078,4625942.85,198245,4.2,2,624,12,2/6/2066,0.60856,956604,0,852025,2769929,0.77,3.02,3/13/2065,0.774329,421643,0,31.4033354,-102.0403097,COG OPERATING LLC,133580,615256,111164,107374951
42461402390000,CONCHO RESOURCES INC.,KAREN UNIT,0,LEASE,UPTON (TX),TREND AREA,OIL,ACTIVE,H,8/1/2016,10/1/2017,712209,388645,507346,495059,3044,3,1604,738,37001,31304,47132,241688,271383,286918,307864,353203,573020,448706,2692,449913,null,null,null,null,null,null,null,null,null,null,1975,1527,13379767,2230,11659,47199,14851,141441,116529,180169,9/12/2016,null,null,770,2409.67,1830,414.995,1293.5,247,56926,9,59263,2,66899,null,401,null,9403,19376,null,40,3/30/1979,1,1,15,TARGA PL MID-CONT WESTTEX LLC,"PLAINS MARKETING, L.P.",19374,3/15/2016,19475,0,9973,SPRABERRY,TX,07C,PERMIAN BASIN,USA,51,0,0,36,C,CCSD&RGNG RR CO,(N/A),P-440,OIL,10/27/2017,650095,651855.01,-129551,-16.62,1129146,1132202.95,-135715,-10.73,0.58,1947,1,9/29/2062,0.808277,284581,0,650095,1129146,0.58,1,9/29/2062,0.808277,284581,0,31.4358741,-102.030497,COG OPERATING LLC,247204,595680,314890,107374986
42461404070000,SUMMIT PETROLEUM LLC,DOROTHY B,04WB,LEASE,UPTON (TX),TREND AREA,OIL,ACTIVE,H,2/1/2017,9/1/2017,146343,85502,109893,92921,659,1,605,353,23449,26546,25484,68941,107500,86858,74923,null,null,null,null,null,null,null,null,null,null,null,null,null,null,null,346,436,2514516,419,5982,16125,6501,null,null,null,2/24/2017,null,null,1260,1711.574,1710,584.258,795,371,33211,3,23449,1,27873,null,167,null,9088,20016,null,40,8/28/1979,1,1,8,"WTG GAS PROCESSING, L.P.","PLAINS MARKETING, L.P.",19541,11/17/2016,20150,null,10928,SPRABERRY,TX,07C,PERMIAN BASIN,USA,19,0,0,193,Y,GC&SF RR CO,(N/A),P-440,OIL,10/27/2017,741124,678188.14,null,null,1213627,1110566.43,null,null,2,770,8,5/15/2066,0.777503,661604,0,741124,1213627,2,7.74,5/15/2066,0.777503,661604,0,31.3503365,-102.064031,SUMMIT PETROLEUM LLC,85502,146343,92921,107375010
42461401950000,PIONEER NATURAL RESOURCES COMPANY,BROOK B-13B,2H,LEASE,UPTON (TX),TREND AREA) R 40 EX,OIL,ACTIVE,H,6/1/2016,10/1/2017,314417,225925,278328,227078,1670,2,651,439,41,817,51,89923,94907,105741,111095,174910,206953,209402,1256,186546,null,null,null,null,null,null,null,null,null,null,364,393,2578839,430,8900,20155,7071,71331,77597,88126,4/19/2017,null,null,1080,1531.884,1390,652.791,926.2,441.6,23448,15,21219,3,24944,null,150,null,9342,19245,null,41.63,9/27/1981,1,1,17,TARGA PL MID-CONT WESTTEX LLC,"PLAINS MARKETING, L.P.",19342,2/14/2016,19411,null,9903,SPRABERRY,TX,07C,PERMIAN BASIN,USA,14,0,0,607,B,"CCSD&RGNG RR CO / THORNTON, J W",(N/A),P-440,OIL,10/27/2017,361721,365264.06,-495,-0.14,483436,488171.26,23177,5.04,0,697,1,3/16/2025,0.529425,153610,0,361721,483436,0,0.96,3/16/2025,0.529425,153610,0,31.4004994,-101.8674156,"PIONEER NATURAL RES. USA, INC.",154594,236820,138952,107375026
42461404540000,CONCHO RESOURCES INC.,HASEL53 UNIT,5301AH,LEASE,UPTON (TX),TREND AREA,OIL,ACTIVE,H,5/1/2017,10/1/2017,36861,62948,69092,105408,415,0,200,342,8026,6964,13440,62948,36861,69092,105408,null,null,null,null,null,null,null,null,null,null,null,null,null,null,null,439,250,2883167,481,8435,3869,14125,null,null,null,8/1/2017,null,null,570,585.579,590,1707.713,1752.6,2180.1,7989,3,13164,2,14416,null,86,null,10503,19466,null,40,1/23/1980,1,1,6,TARGA PL MID-CONT WESTTEX LLC,"ENLINK CRUDE MARKETING, LLC",19616,1/24/2017,19547,null,8963,SPRABERRY,TX,07C,PERMIAN BASIN,USA,8,0,0,1524,,"GC&SF RR CO / TAYLOR, W T",(N/A),P-440,,null,null,,null,null,null,#VALUE!,null,null,null,null,null,null,null,null,null,null,null,null,null,null,null,null,null,31.3351323,-101.9452334,COG OPERATING LLC,62948,36861,105408,107375120
42383397330000,"BOLD OPERATING, LLC",BOLD SINCLAIR UNIT 8B,3HM,LEASE,REAGAN (TX),TREND AREA,OIL,ACTIVE,H,5/1/2017,10/1/2017,122347,77760,98151,166823,589,1,665,423,11804,8178,25324,77760,122347,98151,166823,null,null,null,null,null,null,null,null,null,null,null,null,null,null,null,653,537,4453233,742,9044,26026,19403,null,null,null,6/1/2017,null,null,820,1573.392,1570,635.569,1215.4,347.5,30875,3,19581,2,22266,null,134,null,8554,15786,null,40,4/22/1980,1,1,6,"LUCID ENERGY WESTEX, LLC","PLAINS MARKETING, L.P.",19638,1/22/2017,15840,null,7232,SPRABERRY,TX,07C,PERMIAN BASIN,USA,20,0,0,854,L,"STIDHAM, J W",(N/A),P-440,,null,null,,null,null,null,#VALUE!,null,null,null,null,null,null,null,null,null,null,null,null,null,null,null,null,null,31.3794806,-101.5908697,"BOLD OPERATING, LLC",77760,122347,166823,107375365
42461404110000,SUMMIT PETROLEUM LLC,DOROTHY E,08LS,LEASE,UPTON (TX),TREND AREA,OIL,ACTIVE,H,4/1/2017,9/1/2017,54968,56643,65804,295287,395,0,300,310,5826,4000,30372,56643,54968,65804,295287,null,null,null,null,null,null,null,null,null,null,null,null,null,null,null,331,254,2240839,373,22020,26216,114793,null,null,null,5/11/2017,null,null,770,970.429,970,1030.472,1304.4,839.9,26216,6,22020,6,26389,null,158,null,8786,19380,null,38,8/10/1979,1,1,6,"WTG GAS PROCESSING, L.P.","PLAINS MARKETING, L.P.",19542,12/4/2016,19532,null,10594,SPRABERRY,TX,07C,PERMIAN BASIN,USA,19,0,0,193,Y,GC&SF RR CO,(N/A),P-440,,null,null,,null,null,null,#VALUE!,null,null,null,null,null,null,null,null,null,null,null,null,null,null,null,null,null,31.3503666,-102.0639078,SUMMIT PETROLEUM LLC,56643,54968,295287,107383724
42461404460000,PIONEER NATURAL RESOURCES COMPANY,UNIVERSITY 3-310 PU,0,LEASE,UPTON (TX),TREND AREA,OIL,ACTIVE,H,3/1/2017,10/1/2017,472081,492263,570943,1140450,3426,3,1927,2009,59,59,137,378574,350221,436944,877061,null,null,null,null,null,null,null,null,null,null,null,null,null,null,null,2151,1450,14353567,2392,54886,59173,127157,null,null,null,5/20/2017,null,null,670,959.002,960,1042.751,1483,927.6,85223,3,94513,3,108717,null,652,null,9254,19190,null,41.93,9/16/1979,3,3,8,TARGA DELAWARE LLC,"PLAINS MARKETING, L.P.",19544,11/26/2016,19320,null,9936,SPRABERRY,TX,07C,PERMIAN BASIN,USA,10,0,0,,3,UNIVERSITY LANDS,(N/A),P-440,,null,null,,null,null,null,#VALUE!,null,null,null,null,null,null,null,null,null,null,null,null,null,null,null,null,null,31.2754761,-101.8289814,"PIONEER NATURAL RES. USA, INC.",492263,472081,1140450,107383743
42461404520000,APACHE CORPORATION,STONE 5202B (ALLOC),5H,LEASE,UPTON (TX),TREND AREA,OIL,ACTIVE,H,3/1/2017,10/1/2017,114735,61577,80700,150414,484,0,468,251,5772,4233,14099,52230,93751,67855,127582,null,null,null,null,null,null,null,null,null,null,null,null,null,null,null,570,758,4177567,696,4053,5783,9900,null,null,null,3/30/2017,null,null,1330,1863.277,1860,536.689,752.2,700.8,22733,2,17099,2,20888,null,125,null,8409,16182,null,40.05,8/31/1981,1,1,8,"NAVITAS MDSTR MIDLAND BASIN, LLC",TRAFIGURA TRADING LLC,19526,12/5/2016,16343,null,7773,SPRABERRY,TX,07C,PERMIAN BASIN,USA,52,0,0,1241,,"GC&SF RR CO/JOHNSON, J H",(N/A),P-440,,null,null,,null,null,null,#VALUE!,null,null,null,null,null,null,null,null,null,null,null,null,null,null,null,null,null,31.1830525,-101.9038905,APACHE CORPORATION,61577,114735,150414,107387959
42461352550000,PIONEER NATURAL RESOURCES COMPANY,PEMBROOK 4,0,LEASE,UPTON (TX),TREND AREA) R 40 EX,OIL,ACTIVE,H,7/1/2015,10/1/2017,351029,262308,320813,304184,1925,2,363,210,9171,10767,12238,95195,95264,111072,127027,159530,181582,189794,1139,169636,240092,315009,292594,1756,264815,null,null,null,null,null,779,766,5439774,907,5354,10594,9488,123262,150561,102948,4/20/2017,null,null,980,1817.424,1340,550.229,1017.3,505.4,23739,2,24149,2,28106,null,169,null,8274,18942,null,41.08,4/1/1990,3,3,28,TARGA MIDSTREAM SERVICES LLC,"PLAINS MARKETING, L.P.",19059,2/14/2007,19081,null,10668,SPRABERRY,TX,07C,PERMIAN BASIN,USA,30,0,0,461723,D,D&W RR CO,(N/A),P-440,OIL,10/27/2017,883115,827816.84,23426,2.72,1409261,1321017.06,62322,4.63,1.32,793,8,10/11/2064,0.649093,631659,0,883115,1409261,1.32,7.63,10/11/2064,0.649093,631659,0,31.4277631,-101.8053241,"PIONEER NATURAL RES. USA, INC.",75563,137330,116525,107387967
42461401520000,CONCHO RESOURCES INC.,JOYCE UNIT,0,LEASE,UPTON (TX),TREND AREA,OIL,ACTIVE,H,2/1/2016,10/1/2017,753106,287850,413368,244857,2480,2,641,165,2086,318,1774,186622,333954,242281,158749,266424,713671,385369,2312,226631,null,null,null,null,null,null,null,null,null,null,1530,1395,10576516,1763,4128,6481,3511,237318,588045,201873,12/28/2016,null,null,910,3266.465,2620,306.141,1097,636.9,98566,5,47438,2,54645,null,328,null,9515,19854,null,40,10/5/1981,2,2,21,TARGA PL MID-CONT WESTTEX LLC,"ENLINK CRUDE MARKETING, LLC",19262,9/3/2015,19981,0,10339,SPRABERRY,TX,07C,PERMIAN BASIN,USA,83,0,0,52,D,CCSD&RGNG RR CO,(N/A),P-440,OIL,10/27/2017,296577,286852.69,6183,2.13,815070,788345.10,13691,1.71,0.04,1562,1,3/11/2020,0.869779,16929,0,296577,815070,0.04,0.96,3/11/2020,0.869779,16929,0,31.4102266,-102.0745399,COG OPERATING LLC,50532,165061,42984,107389094
42461390650000,APACHE CORPORATION,UNIVERSITY 31 TAYLOR DRAW,3101HU,LEASE,UPTON (TX),TREND AREA,OIL,ACTIVE,H,3/1/2015,10/1/2017,85282,66161,80375,133612,482,0,55,42,7540,2987,19783,23711,28014,28380,62211,37470,39357,44029,264,93954,56112,74617,68548,411,121163,null,null,null,null,null,251,265,1771067,295,1368,1378,1695,22030,36206,38446,1/6/2017,null,null,1060,1150.925,1290,868.866,945.3,992.7,7964,2,7540,1,8855,null,53,null,8782,13732,null,40,9/1/1978,1,1,31,TARGA PIPELINE MID-CONTINENT LLC,TRAFIGURA TRADING LLC,19048,9/9/2014,13820,null,4950,SPRABERRY,TX,07C,PERMIAN BASIN,USA,30,0,0,U66,4,UL,(N/A),P-440,OIL,10/27/2017,228565,461747.47,11703,5.4,323836,654214.14,-13227,-3.92,1.62,248,2,6/11/2064,0.74588,164994,0,228565,323836,1.62,2.22,6/11/2064,0.74588,164994,0,31.1457129,-101.7762514,APACHE CORPORATION,15299,17608,19519,107389122
42461401930000,PIONEER NATURAL RESOURCES COMPANY,BROOK Y-6F,6H,LEASE,UPTON (TX),TREND AREA) R 40 EX,OIL,ACTIVE,H,5/1/2016,10/1/2017,343022,265433,322603,394805,1936,2,640,411,13440,12975,23871,121446,107738,139402,215699,208192,212646,243633,1462,333027,null,null,null,null,null,null,null,null,null,null,832,675,5667367,945,8293,24686,8950,121446,107738,215699,4/5/2017,null,null,810,1634.064,1290,611.971,1233.2,335.9,25903,15,24963,2,28337,null,170,null,9002,19003,null,41.63,3/20/1979,1,1,18,TARGA PL MID-CONT WESTTEX LLC,"PLAINS MARKETING, L.P.",19287,1/4/2016,19100,null,10001,SPRABERRY,TX,07C,PERMIAN BASIN,USA,14,0,0,607,B,"CCSD&RGNG RR CO/THORNTON, J W",(N/A),P-440,OIL,10/27/2017,416237,416195.38,-2121,-0.51,525369,525316.47,24276,4.84,0.16,825,1,9/20/2029,0.573358,167546,0,416237,525369,0.16,0.98,9/20/2029,0.573358,167546,0,31.4007015,-101.8658971,"PIONEER NATURAL RES. USA, INC.",143987,235284,179106,107389130
42383394820000,CALLON PETROLEUM COMPANY,TURNER AR UNIT B,08HK,LEASE,REAGAN (TX),WOLFCAMP,OIL,ACTIVE,H,12/1/2015,10/1/2017,287748,251094,299052,767378,1794,2,305,188,5640,6158,16785,115585,108955,133744,343979,198284,197217,231154,1387,590090,null,null,null,null,null,null,null,null,null,null,1064,1106,7488613,1248,4987,10302,17139,187079,180048,556744,2/14/2017,null,null,1040,1682.418,1150,594.383,961.5,484.1,34297,2,32975,2,38691,null,232,null,9104,16622,null,41.8,12/1/1978,1,1,23,"WTG GAS PROCESSING, L.P.","MEDALLION OPERATING COMPANY, LLC",19225,10/23/2015,16845,0,7518,LIN,TX,07C,PERMIAN BASIN,USA,1,0,0,401,,"ROACH, A",(N/A),P-440,OIL,10/27/2017,278144,369970.74,-33283,-10.69,323713,430583.93,-45338,-12.29,0,852,1,8/1/2021,0.696502,37320,0,278144,323713,0,0.99,8/1/2021,0.696502,37320,0,31.3569591,-101.7245338,CALLON PETROLEUM OPERATING CO,64015,107700,210634,107389142
42461400510000,APACHE CORPORATION,STONE 5202 (ALLOC),2H,LEASE,UPTON (TX),TREND AREA,OIL,ACTIVE,H,8/1/2015,10/1/2017,226767,121483,159277,175772,956,1,163,71,6130,2131,8071,53683,61413,63919,66879,86005,137848,108980,654,84916,114097,213293,149646,898,145102,null,null,null,null,null,368,234,2439733,407,2344,5438,9733,64443,144769,48666,5/16/2017,null,null,640,2113.579,1870,473.131,1571.5,431,21548,9,14762,3,18055,null,108,null,8500,15820,null,40.05,1/30/1989,1,1,27,TARGA PIPELINE MID-CONTINENT LLC,TRAFIGURA TRADING LLC,19122,4/14/2015,15915,null,7320,SPRABERRY,TX,07C,PERMIAN BASIN,USA,52,0,0,1241,,"GC&SF RR CO / JOHNSON, J H",(N/A),P-440,OIL,10/27/2017,449510,614084.70,128058,39.84,1053611,1439359.29,283438,36.8,1.91,485,4,11/10/2064,0.786881,332900,0,449510,1053611,1.91,4.3,11/10/2064,0.786881,332900,0,31.1816026,-101.8976318,APACHE CORPORATION,25119,53091,85076,107389166
42461403960000,SUMMIT PETROLEUM LLC,DOROTHY C,06LS,LEASE,UPTON (TX),TREND AREA,OIL,ACTIVE,H,4/1/2017,9/1/2017,41109,44058,50909,106940,305,0,225,241,4321,4028,10488,44058,41109,50909,106940,null,null,null,null,null,null,null,null,null,null,null,null,null,null,null,239,255,1688226,281,21478,22442,52132,null,null,null,5/14/2017,null,null,1070,933.066,930,1071.736,936.7,957,22442,6,21478,6,25218,null,151,null,8591,18857,null,40,8/10/1979,1,1,6,"WTG GAS PROCESSING, L.P.","PLAINS MARKETING, L.P.",19515,10/13/2016,19055,null,10266,SPRABERRY,TX,07C,PERMIAN BASIN,USA,19,0,0,193,Y,GC&SF RR CO,(N/A),P-440,,null,null,,null,null,null,#VALUE!,null,null,null,null,null,null,null,null,null,null,null,null,null,null,null,null,null,31.349787,-102.0662803,SUMMIT PETROLEUM LLC,44058,41109,106940,107389250
42461403190000,CONCHO RESOURCES INC.,NORMA P1 UNIT,0,LEASE,UPTON (TX),TREND AREA,OIL,ACTIVE,H,11/1/2016,10/1/2017,701049,420167,537009,549792,3222,3,1921,1151,33609,29945,43978,223842,199016,257011,292899,420167,701049,537009,3222,549792,null,null,null,null,null,null,null,null,null,null,1837,1640,12662935,2110,24127,82600,31570,null,null,null,12/16/2016,null,null,890,1668.501,1670,599.34,1120.5,292.1,94419,9,56954,2,65425,null,393,null,9175,19790,null,40,7/27/1979,1,1,12,TARGA PL MID-CONT WESTTEX LLC,"ENLINK CRUDE MARKETING, LLC",19478,5/22/2016,19952,null,10615,SPRABERRY,TX,07C,PERMIAN BASIN,USA,70,0,0,1027,C,"CCSD&RGNG RR CO/MAYFIELD, A",(N/A),P-440,OIL,10/27/2017,3990481,3759284.97,-1736732,-30.32,5846677,5507938.77,-1786152,-23.4,1.92,1860,43,2/11/2066,0.512234,3619797,0,3990481,5846677,1.92,43.17,2/11/2066,0.512234,3619797,0,31.4133986,-102.0615924,COG OPERATING LLC,420167,701049,549792,107389302
42461404580000,CONCHO RESOURCES INC.,HASEL53 UNIT A,5303AH,LEASE,UPTON (TX),TREND AREA,OIL,ACTIVE,H,5/1/2017,10/1/2017,67429,74278,85516,74962,513,1,366,404,10274,8104,10369,74278,67429,85516,74962,null,null,null,null,null,null,null,null,null,null,null,null,null,null,null,481,415,3301533,550,10893,11015,10993,null,null,null,8/1/2017,null,null,860,907.792,910,1101.574,1158.8,988.9,12867,3,14432,2,16530,null,99,null,8981,19180,null,42,3/20/2001,1,1,6,TARGA PL MID-CONT WESTTEX LLC,"ENLINK CRUDE MARKETING, LLC",19609,12/24/2016,19650,null,10199,SPRABERRY,TX,07C,PERMIAN BASIN,USA,8,0,0,1524,,"GC&SF RR CO/TAYLOR, W T",(N/A),P-440,,null,null,,null,null,null,#VALUE!,null,null,null,null,null,null,null,null,null,null,null,null,null,null,null,null,null,31.3351944,-101.9449544,COG OPERATING LLC,74278,67429,74962,107392905
42461401340000,"PARSLEY ENERGY OPERATIONS, LLC",HALFF 2,4412H,LEASE,UPTON (TX),TREND AREA) R 40 EX,OIL,ACTIVE,H,8/1/2015,10/1/2017,237433,125980,165552,294851,993,1,245,94,722,null,1690,50674,59997,60674,118601,80576,122467,100987,606,188585,118665,215427,154570,927,277731,null,null,null,null,null,519,509,3623533,604,2536,7468,5935,64875,121703,151837,9/20/2015,null,null,980,2629.05,1880,380.365,1020.9,339.6,15256,1,15575,2,18118,2,109,2,9402,13822,null,40.87,8/23/2015,1,1,27,TARGA PL MID-CONT WESTTEX LLC,"MEDALLION OPERATING COMPANY, LLC",19130,7/19/2015,13926,null,4420,SPRABERRY,TX,07C,PERMIAN BASIN,USA,2,0,0,725,Y,"GC&SF RR CO/BLAIR, J T",(N/A),P-440,OIL,10/27/2017,442572,1001294.12,151,0.03,1021095,2310169.68,15510,1.54,1.56,511,4,11/10/2064,0.75885,321235,0,442572,1021095,1.56,4.03,11/10/2064,0.75885,321235,0,31.4020162,-101.7897807,"PARSLEY ENERGY OPERATIONS, LLC",33700,88599,78873,107394522
42461395780000,APACHE CORPORATION,ZPZ FEE 1055,1H,LEASE,UPTON (TX),TREND AREA,OIL,ACTIVE,H,1/1/2015,10/1/2017,361774,83026,143322,559690,860,1,378,44,10035,8796,67647,39991,95719,55944,269585,53894,174776,83023,498,363308,68482,221046,105323,632,461647,null,null,null,null,null,312,530,2402464,400,918,18552,6188,16060,53552,108262,1/19/2015,null,null,1700,8992.261,4360,111.207,588.2,49.5,28966,33,10035,1,11501,null,69,null,8440,17386,null,39.15,5/8/1984,1,1,34,TARGA MIDSTREAM SERVICES LLC,TRAFIGURA TRADING LLC,18858,8/21/2014,17500,null,8946,SPRABERRY,TX,07C,PERMIAN BASIN,USA,10,0,0,570,,"GC&SF RR CO / LOVE, J O",(N/A),P-440,OIL,10/27/2017,102788,114898.28,-7708,-6.98,463987,518653.03,-34384,-6.9,0.23,63,1,1/8/2025,0.541062,22393,0,110462,515306,0.7,1,8/28/2038,0.838021,30067,0,31.197787,-101.9634788,APACHE CORPORATION,16151,145234,108876,107394531
42461400900000,CONCHO RESOURCES INC.,NORMA UNIT,0,LEASE,UPTON (TX),TREND AREA,OIL,ACTIVE,H,3/1/2016,10/1/2017,686122,279016,393370,278194,2360,2,852,309,23335,19758,25400,151936,334499,207686,165383,184853,376277,247566,1485,197550,null,null,null,null,null,null,null,null,null,null,1418,1587,10096600,1683,6538,44542,5599,157164,350759,171074,5/31/2017,null,null,1120,2752.216,2460,363.344,893.7,146.8,78504,3,42548,2,50483,null,303,null,9290,14635,null,40,1/3/1979,1,1,20,TARGA PL MID-CONT WESTTEX LLC,"ENLINK CRUDE MARKETING, LLC",19263,9/21/2015,14745,0,5345,SPRABERRY,TX,07C,PERMIAN BASIN,USA,70,0,0,1027,C,"CCSD&RGNG RR CO/MAYFIELD, A",(N/A),P-440,OIL,10/27/2017,495992,927955.10,80728,19.44,1147296,2146484.57,232288,25.39,0.98,654,2,6/7/2066,0.812107,230965,0,930937,2174809,1.51,7.76,6/12/2065,0.817489,665910,0,31.413923,-102.058784,COG OPERATING LLC,121852,335363,107120,107394554
42461402630000,CONCHO RESOURCES INC.,VANESSA 5232B UNIT,5232BH,LEASE,UPTON (TX),TREND AREA,OIL,ACTIVE,H,8/1/2016,10/1/2017,374258,155874,218250,311630,1310,1,823,313,15840,21389,35133,80814,152722,106268,175081,132235,305143,183092,1099,268626,null,null,null,null,null,null,null,null,null,null,542,903,4154800,692,7617,23600,13857,46369,71863,102847,2/26/2017,null,null,1670,2761.472,2400,362.126,600,322.8,29207,6,16258,2,20774,null,125,null,9610,19576,null,42,4/3/1981,1,1,15,TARGA PL MID-CONT WESTTEX LLC,"PLAINS MARKETING, L.P.",19425,4/3/2016,19710,0,9966,SPRABERRY,TX,07C,PERMIAN BASIN,USA,51,0,0,36,C,CCSD&RGNG RR CO,(N/A),P-440,OIL,10/27/2017,1107762,1111541.24,15480,1.42,2710875,2720123.42,190346,7.55,2,533,12,11/11/2065,0.540258,967402,0,1107762,2710875,2,11.8,11/11/2065,0.540258,967402,0,31.4361121,-102.0305759,COG OPERATING LLC,109505,302395,208783,107394594
42461404800000,APACHE CORPORATION,STONE 5202D (ALLOC),6H,LEASE,UPTON (TX),TREND AREA,OIL,ACTIVE,H,3/1/2017,10/1/2017,119866,73288,93266,161054,560,1,489,299,4088,2774,8984,63681,114624,82785,139942,null,null,null,null,null,null,null,null,null,null,null,null,null,null,null,701,706,4911100,819,6645,4028,14603,null,null,null,4/11/2017,null,null,1010,1635.547,1640,611.416,992.5,1649.7,27020,3,21025,2,24556,null,147,null,8461,16986,null,40.05,2/21/1997,1,1,8,"NAVITAS MDSTR MIDLAND BASIN, LLC",TRAFIGURA TRADING LLC,19555,12/27/2016,17086,null,8525,SPRABERRY,TX,07C,PERMIAN BASIN,USA,52,0,0,1241,,"GC&SF RR CO/JOHNSON, J H",(N/A),P-440,,null,null,,null,null,null,#VALUE!,null,null,null,null,null,null,null,null,null,null,null,null,null,null,null,null,null,31.1853218,-101.9070766,APACHE CORPORATION,73288,119866,161054,107394828
42461400570000,PIONEER NATURAL RESOURCES COMPANY,XBC GIDDINGS ESTATE L,24H,LEASE,UPTON (TX),TREND AREA,OIL,ACTIVE,H,8/1/2015,10/1/2017,158460,86603,113013,84488,678,1,173,54,14,184,21,41787,58626,51558,58782,60052,84055,74061,444,73563,82000,137691,104948,630,83982,null,null,null,null,null,491,545,3490433,582,1599,6956,176,43141,65993,43569,4/1/2017,null,null,1110,3278.426,1830,305.024,899.9,229.9,16363,2,14725,2,17452,null,105,null,9502,15872,null,40,8/19/1978,1,1,27,TARGA MIDSTREAM SERVICES LLC,"PLAINS MARKETING, L.P.",19141,6/18/2015,16032,null,6370,SPRABERRY,TX,07C,PERMIAN BASIN,USA,3,0,0,544,,THROCKMORTON CSL,(N/A),P-440,OIL,10/27/2017,243004,381481.95,506,0.21,598993,940334.38,69081,13.04,2,109,2,11/5/2065,0.6159,159432,0,205061,490772,1.18,1.36,11/10/2064,0.851805,121489,0,31.447657,-102.0071872,"PIONEER NATURAL RES. USA, INC.",19190,62913,4968,107409286
42383396680000,"PARSLEY ENERGY OPERATIONS, LLC",AUSTIN 7-6,4405H,LEASE,REAGAN (TX),TREND AREA) R 40 EX,OIL,ACTIVE,H,12/1/2016,10/1/2017,317848,121077,174052,327060,1044,1,949,361,18544,20311,50092,88809,168753,116935,239895,null,null,null,null,null,null,null,null,null,null,null,null,null,null,null,720,880,5197419,866,5433,30094,14676,null,null,null,12/28/2016,null,null,1220,2625.172,2630,380.927,817.5,180.5,31726,4,22306,2,26853,null,161,null,9678,17404,null,40.8,7/26/1980,1,1,11,TARGA PL MID-CONT WESTTEX LLC,"MEDALLION OPERATING COMPANY, LLC",19511,9/20/2016,17496,null,7726,SPRABERRY,TX,07C,PERMIAN BASIN,USA,7,0,0,465,M,TC RR CO,(N/A),P-440,OIL,10/27/2017,385871,499444.73,-147646,-27.67,910052,1177908.36,-266509,-22.65,1.08,733,2,3/14/2066,0.807619,276002,0,385871,910052,1.08,2.29,3/14/2066,0.807619,276002,0,31.3818019,-101.7038476,"PARSLEY ENERGY OPERATIONS, LLC",121077,317848,327060,107426467
42383396490000,"BOLD OPERATING, LLC",BOLD SINCLAIR UNIT 8,1H,LEASE,REAGAN (TX),TREND AREA,OIL,ACTIVE,H,4/1/2017,10/1/2017,139897,100212,123528,350342,741,1,654,468,854,null,2986,89292,109539,107549,312166,null,null,null,null,null,null,null,null,null,null,null,null,null,null,null,779,636,5307774,885,10920,30358,38176,null,null,null,5/15/2017,null,null,820,1396.01,1400,716.327,1224.5,359.7,30358,6,24138,2,27424,2,165,2,8384,16936,null,40,6/25/1979,1,1,7,(N/A),(N/A),19439,7/27/2016,17010,null,8552,SPRABERRY,TX,07C,PERMIAN BASIN,USA,13,0,0,460,2,T&P RR CO/TC RR CO,(N/A),P-440,,null,null,,null,null,null,#VALUE!,null,null,null,null,null,null,null,null,null,null,null,null,null,null,null,null,null,31.3839526,-101.598981,"BOLD OPERATING, LLC",100212,139897,350342,107435585
42461402290000,APACHE CORPORATION,STONE 5202C (ALLOC),3H,LEASE,UPTON (TX),TREND AREA,OIL,ACTIVE,H,2/1/2016,10/1/2017,111844,53776,72417,62210,435,0,121,54,7203,8564,10383,25906,51566,34500,37342,42636,99093,59151,355,59898,null,null,null,null,null,null,null,null,null,null,224,552,1898548,316,2326,3416,483,36513,77179,52632,1/19/2017,null,null,2460,2008.052,2080,497.995,406.3,680.9,17119,2,7203,1,9809,null,59,null,8520,16272,null,40.05,2/11/2016,1,1,20,TARGA MIDSTREAM SERVICES LLC,TRAFIGURA TRADING LLC,19299,11/24/2015,16368,null,7752,SPRABERRY,TX,07C,PERMIAN BASIN,USA,52,0,0,1241,,"GC&SF RR CO / JOHNSON, J H",(N/A),P-440,OIL,10/27/2017,218432,281775.03,114233,109.63,547351,706077.14,298521,119.97,1.39,237,2,5/14/2065,0.708587,169436,0,218432,547351,1.39,1.98,5/14/2065,0.708587,169436,0,31.1833079,-101.9106462,APACHE CORPORATION,17263,34665,9578,107435835
42383397130000,PCORE EXPLORATION & PROD II LLC,HARTGROVE,1HB,LEASE,REAGAN (TX),TREND AREA) R 40 EX,OIL,ACTIVE,H,3/1/2017,10/1/2017,175743,161061,190352,389199,1142,1,717,657,7299,6013,17638,124500,132292,146549,300850,null,null,null,null,null,null,null,null,null,null,null,null,null,null,null,779,736,5412300,902,19943,23807,48192,null,null,null,5/3/2017,null,null,940,1091.158,1090,916.458,1059.1,837.7,27193,3,25630,3,30162,null,181,null,9128,19065,null,40,5/24/1979,1,1,8,TARGA PL MID-CONT WESTTEX LLC,"MEDALLION OPERATING COMPANY, LLC",19543,12/14/2016,19173,null,9937,SPRABERRY,TX,07C,PERMIAN BASIN,USA,,0,0,,,"THEO W. CARTER, S.F. 12724",(N/A),P-440,,null,null,,null,null,null,#VALUE!,null,null,null,null,null,null,null,null,null,null,null,null,null,null,null,null,null,31.3418003,-101.7299371,PCORE EXPLORATION & PROD II LLC,161061,175743,389199,107436468
42461394470000,DIAMONDBACK E&P LLC,JACEE D UNIT,4H,LEASE,UPTON (TX),TREND AREA,OIL,ACTIVE,H,7/1/2016,10/1/2017,362892,88526,149008,84377,894,1,661,123,7675,5462,9590,60249,198200,93282,75285,78588,336514,134674,808,81182,null,null,null,null,null,null,null,null,null,null,600,1048,4647774,775,2418,10061,777,48730,145354,60891,5/15/2017,null,null,1750,5466.328,4100,182.938,572.4,240.3,63210,3,18598,2,24014,null,144,null,8928,19181,null,42.7,3/23/1978,1,1,16,TARGA PL MID-CONT WESTTEX LLC,EASTEX CRUDE COMPANY,18851,9/14/2014,19382,0,10253,SPRABERRY,TX,07C,PERMIAN BASIN,USA,8,0,0,1424,2,"MK&TE RR CO/ HILL, H E",(N/A),P-440,OIL,10/27/2017,127177,124038.82,5253,4.31,583441,569044.18,52529,9.89,0.69,611,1,3/13/2037,0.90015,43602,0,127177,583441,0.69,1,3/13/2037,0.90015,43602,0,31.2935246,-101.9960858,DIAMONDBACK E&P LLC,39796,217538,23486,107436482
42383392500000,"PARSLEY ENERGY OPERATIONS, LLC",PETTIT 8A-8,5H,LEASE,REAGAN (TX),TREND AREA,OIL,ACTIVE,H,3/1/2015,10/1/2017,254552,125930,168355,301314,1010,1,171,57,13061,11801,31251,60607,87381,75170,145015,88278,159669,114889,689,211224,116439,231325,154993,930,278604,null,null,null,null,null,491,508,3453167,576,2460,7574,5886,35064,81963,83897,3/24/2015,null,null,1030,2883.576,2020,346.792,966.3,324.8,16481,3,14726,2,17266,null,104,null,8644,13707,null,40.8,9/14/1978,1,1,32,TARGA PL MID-CONT WESTTEX LLC,"MEDALLION OPERATING COMPANY, LLC",19041,1/3/2015,13779,null,5063,SPRABERRY,TX,07C,PERMIAN BASIN,USA,2,0,0,195,,"EICKE, H - HARRISON, Z T",(N/A),P-440,OIL,10/27/2017,339292,670140.23,-4933,-1.43,941207,1858990.72,-46048,-4.66,1.35,484,3,6/11/2064,0.781432,218407,0,339292,941207,1.35,2.72,6/11/2064,0.781432,218407,0,31.3613805,-101.6032195,"PARSLEY ENERGY OPERATIONS, LLC",19678,56743,47084,107436497
42383395220000,"SABLE PERMIAN RESOURCES LAND,LLC",UNIVERSITY UNIT 1 RE 10 4,0,LEASE,REAGAN (TX),WOLFCAMP,OIL,ACTIVE,H,2/1/2016,9/1/2017,238284,138136,177850,467723,1067,1,551,338,244,130,826,15741,34275,21454,53298,34946,101216,51815,311,118326,null,null,null,null,null,null,null,null,null,null,255,388,1917258,320,42167,100353,142776,24777,53855,83894,11/21/2016,null,null,1520,1626.946,1720,614.648,657.2,420.2,100353,20,55281,19,58893,null,353,null,7664,15115,null,45.9,12/14/1978,1,1,17,TARGA PL MID-CONT WESTTEX LLC,"MEDALLION OPERATING COMPANY, LLC",19215,11/9/2015,15702,null,7451,LIN,TX,07C,PERMIAN BASIN,USA,9,0,0,U215,10,UL,(N/A),P-440,OIL,10/27/2017,104890,140773.05,54267,107.2,149323,200406.66,-27410,-15.51,0.1,259,1,9/7/2020,0.77994,8953,0,104890,149323,0.1,0.95,9/7/2020,0.77994,8953,0,31.2856461,-101.5017561,"SABLE PERMIAN RESOURCES LAND,LLC",113359,184429,383829,107437864
42383387680000,"SABLE PERMIAN RESOURCES LAND,LLC",UNIVERSITY 09B,0,LEASE,REAGAN (TX),WOLFCAMP,OIL,ACTIVE,H,2/1/2015,9/1/2017,581596,282034,378967,463190,2274,2,489,148,8521,10775,16510,122930,187307,154148,238183,178615,303495,229198,1375,341565,247352,458377,323748,1942,422403,null,null,null,null,null,1235,961,8371677,1395,3535,1579,4157,81625,163758,116095,12/6/2016,null,null,780,3295.683,2060,303.427,1285.1,2238.8,39008,3,38288,2,43254,null,260,null,8398,13993,null,40.6,9/1/1953,2,3,32,"DCP OPERATING COMPANY, LP","MEDALLION OPERATING COMPANY, LLC",18816,9/7/2014,14075,null,5595,LIN,TX,07C,PERMIAN BASIN,USA,7,0,0,U177,9,UL,(N/A),P-440,OIL,10/27/2017,766032,1369136.73,130,0.02,2231724,3988782.84,-69274,-3.01,1.38,1258,6,5/14/2064,0.813243,487533,0,766032,2231724,1.38,6.14,5/14/2064,0.813243,487533,0,31.2859162,-101.569808,"SABLE PERMIAN RESOURCES LAND,LLC",54112,178336,63637,107454207
42461398610000,CONCHO RESOURCES INC.,SUTHERLAND UNIT,4519H,LEASE,UPTON (TX),TREND AREA,OIL,ACTIVE,H,4/1/2015,10/1/2017,121328,87780,108001,118041,648,1,102,57,472,null,890,34518,45983,42182,65095,51190,64818,61993,372,89601,76567,102778,93697,562,109341,null,null,null,null,null,405,457,2887677,481,1866,3638,1448,28882,34527,29832,5/12/2017,null,null,1130,1752.148,1380,570.728,886.2,512.9,14170,1,12558,2,14920,2,90,2,9386,14400,null,40,9/7/1978,1,1,31,TARGA PL MID-CONT WESTTEX LLC,TRAFIGURA TRADING LLC,19038,12/20/2014,14515,null,5014,SPRABERRY,TX,07C,PERMIAN BASIN,USA,44,0,0,1491,C,"CCSD&RGNG RR CO - PRESTON, S R / WALTER, B",(N/A),P-440,OIL,10/27/2017,325699,649579.18,-1301,-0.4,551895,1100708.02,16896,3.16,2,106,3,4/8/2065,0.427118,242252,0,319352,540433,1.82,3.16,7/12/2064,0.799053,235905,0,31.397726,-102.0086702,COG OPERATING LLC,20605,36103,15995,107454502
42461394450000,PIONEER NATURAL RESOURCES COMPANY,UNIVERSITY 178B,0,LEASE,UPTON (TX),TREND AREA,OIL,ACTIVE,H,2/1/2015,10/1/2017,1822615,1022719,1326488,1259924,7959,8,1588,531,5092,3925,7237,352248,366136,413271,500652,604445,726053,725454,4353,843336,886841,1382259,1117218,6703,1109491,null,null,null,null,null,2925,2637,20184226,3364,13191,50477,14604,329166,656810,341448,5/6/2017,null,null,900,3128.197,1780,319.673,1109.3,261.3,82563,3,90663,2,104285,null,626,null,8684,18944,null,41.63,12/13/2014,6,6,33,TARGA PL MID-CONT WESTTEX LLC,"PLAINS MARKETING, L.P.",18872,9/1/2014,19080,null,10260,SPRABERRY,TX,07C,PERMIAN BASIN,USA,17,0,0,U17,3,UL,(N/A),P-440,OIL,10/27/2017,1871899,1824462.96,-74456,-3.83,4242146,4134645.22,-194929,-4.39,0.74,3110,7,5/14/2064,0.684112,875117,0,1871899,4242146,0.74,7.26,5/14/2064,0.684112,875117,0,31.2606065,-101.7915327,"PIONEER NATURAL RES. USA, INC.",191986,600570,205596,107455348
42383378730000,"PT PETROLEUM, LLC",UNIVTARA,0,LEASE,REAGAN (TX),TREND AREA,OIL,ACTIVE,H,7/1/2015,9/1/2017,111254,71441,89983,122974,540,1,118,64,1829,1046,5457,24631,33183,30161,73485,43350,59698,53300,320,90998,67059,100305,83777,503,117229,null,null,null,null,null,260,222,1781581,297,1018,1707,1335,33402,52129,51778,11/1/2017,null,null,850,1831.342,1560,546.048,1169.9,596.4,8280,3,8057,2,9205,null,55,null,7975,14426,null,38.4,3/6/1976,2,2,27,TARGA PL MID-CONT WESTTEX LLC,"JP ENERGY PRODUCTS SUPPLY, LLC",18979,7/6/2012,14546,null,6451,SPRABERRY,TX,07C,PERMIAN BASIN,USA,2,0,0,U90,6,UL,(N/A),P-440,OIL,10/27/2017,317136,491607.50,-447,-0.14,549396,851644.71,14915,2.79,2,265,3,10/11/2064,0.724599,246713,0,317136,549396,2,3.31,10/11/2064,0.724599,246713,0,31.1272206,-101.7501074,"PT PETROLEUM, LLC",23432,42912,27617,107455709
42461388390000,APACHE CORPORATION,STONE,1H,LEASE,UPTON (TX),TREND AREA,OIL,ACTIVE,H,3/1/2015,10/1/2017,369360,178742,240302,137183,1442,1,339,121,12271,7073,17772,65188,101641,82128,94410,101087,171865,129731,778,131042,148427,278237,194800,1169,132020,null,null,null,null,null,537,746,3969033,662,3713,12100,632,56940,118650,17526,3/11/2017,null,null,1390,2827.017,2070,353.73,720.3,306.9,22375,2,16116,2,19845,null,119,null,8457,15809,null,40.05,6/20/1977,1,1,31,TARGA MIDSTREAM SERVICES LLC,TRAFIGURA TRADING LLC,19019,4/1/2015,15922,null,7352,SPRABERRY,TX,07C,PERMIAN BASIN,USA,52,0,0,1241,,"GC&SF RR CO/ JOHNSON, J H",(N/A),P-440,OIL,10/27/2017,2307927,3139182.54,1612486,231.87,6323330,8600829.71,4527479,252.11,1.06,120,120,10/4/2065,0.000023,2136513,0,703705,1837299,2,7.26,6/11/2064,0.696835,532291,0,31.1812733,-101.8979959,APACHE CORPORATION,43380,122636,6081,107455898
42461401180000,"PT PETROLEUM, LLC",UNIVERSITY RED,0,LEASE,UPTON (TX),TREND AREA,OIL,ACTIVE,H,10/1/2015,9/1/2017,673230,557480,669685,1036815,4018,4,1422,1084,3384,2257,7413,104569,65798,115535,207099,161992,154313,187711,1126,310516,557480,673230,669685,4018,1036815,null,null,null,null,null,687,333,4455133,743,27930,44810,51523,161992,154313,310516,9/25/2017,null,null,480,1312.093,1210,762.141,2064.9,623.3,64828,20,53682,18,63512,null,381,null,8002,17894,null,37.45,1/14/1978,6,6,24,"WTG GAS PROCESSING, L.P.","PLAINS MARKETING, L.P.",19165,8/2/2015,18050,null,9892,SPRABERRY,TX,07C,PERMIAN BASIN,USA,2,0,0,,5,UNIVERSITY LANDS,(N/A),P-440,,null,null,,null,null,null,#VALUE!,null,null,null,null,null,null,null,null,null,null,null,null,null,null,null,null,null,31.1232693,-101.859561,"PT PETROLEUM, LLC",395488,518917,726299,107456001
42461400690000,CONCHO RESOURCES INC.,AMACKER48B UNIT,4801BH,LEASE,UPTON (TX),TREND AREA,OIL,ACTIVE,H,7/1/2015,10/1/2017,400882,123645,190459,121823,1143,1,439,66,7981,3373,10232,67009,116697,86459,85910,90315,190218,122018,732,100851,116496,338695,172945,1038,117385,null,null,null,null,null,757,927,5469129,912,1693,14653,1051,45433,158338,37393,4/9/2017,null,null,1220,6713.071,3240,148.963,816.9,115.5,28729,2,23469,2,28257,null,170,null,9450,14450,null,40,10/1/1978,1,1,28,TARGA PL MID-CONT WESTTEX LLC,"ENLINK CRUDE MARKETING, LLC",19070,3/29/2015,14580,null,5000,SPRABERRY,TX,07C,PERMIAN BASIN,USA,49,0,0,35,C,CCSD&RGNG RR CO,(N/A),P-440,OIL,10/27/2017,398589,797178.00,-1140,-0.29,2077220,4154440.00,81737,4.1,1.96,97,4,8/7/2065,0.336993,278327,0,249570,1163211,1.12,1.41,10/11/2064,0.888854,129308,0,31.3942335,-102.0209194,COG OPERATING LLC,24100,161785,15055,107456101
42461399850000,CONCHO RESOURCES INC.,AMACKER46 UNIT,4628CH,LEASE,UPTON (TX),TREND AREA,OIL,ACTIVE,H,5/1/2015,10/1/2017,276985,115319,161483,158767,969,1,205,71,1736,714,3336,53536,106915,71355,102878,73832,168758,101958,612,124636,102182,234170,141210,847,143311,null,null,null,null,null,560,482,3844967,641,2410,8667,2835,36391,100270,29559,4/28/2017,null,null,860,2748.897,2400,363.782,1161.8,278.1,33220,4,16813,2,19225,null,115,null,9870,14880,null,40,8/18/1978,1,1,30,TARGA PL MID-CONT WESTTEX LLC,"ENLINK CRUDE MARKETING, LLC",19039,1/31/2015,15015,null,5010,SPRABERRY,TX,07C,PERMIAN BASIN,USA,15,0,0,191,Y,GC&SF RR CO,(N/A),P-440,OIL,10/27/2017,354943,708469.06,9413,2.72,929151,1854592.81,55006,6.29,2,126,3,10/5/2065,0.509318,244316,0,305572,793987,1.46,2.44,8/11/2064,0.843758,194945,0,31.3690204,-101.9936406,COG OPERATING LLC,25392,69800,26330,107456154
42461402380000,"PARSLEY ENERGY OPERATIONS, LLC",K-BIRD '12-13',4401H,LEASE,UPTON (TX),TREND AREA) R 40 EX,OIL,ACTIVE,H,2/1/2016,10/1/2017,209615,150702,185638,334507,1114,1,303,169,2846,2722,7545,65923,65221,76793,174768,108820,134688,131268,788,282404,null,null,null,null,null,null,null,null,null,null,422,413,2941935,490,3497,6606,4350,91337,101730,242143,8/21/2017,null,null,980,1817.317,1390,550.262,1021,529.4,15986,3,16611,3,19275,null,116,null,9867,17596,null,40.67,3/2/1979,1,1,21,TARGA PIPELINE MID-CONTINENT LLC,"MEDALLION OPERATING COMPANY, LLC",19293,1/11/2016,17699,null,7729,SPRABERRY,TX,07C,PERMIAN BASIN,USA,11,0,0,126,D,D&W RR CO,(N/A),P-440,OIL,10/27/2017,566703,733216.46,10255,1.84,923518,1194873.85,42058,4.77,1.43,546,5,5/14/2065,0.699299,423533,0,566703,923518,1.43,4.87,5/14/2065,0.699299,423533,0,31.4300271,-101.7921116,"PARSLEY ENERGY OPERATIONS, LLC",59365,107885,92364,107456270
42461403480000,CONCHO RESOURCES INC.,MANN15 P1  UNIT,0,LEASE,UPTON (TX),TREND AREA,OIL,ACTIVE,H,2/1/2017,10/1/2017,531810,393287,481922,503400,2892,3,1948,1441,40736,39339,52141,290966,310613,342735,372431,null,null,null,null,null,null,null,null,null,null,null,null,null,null,null,2039,1922,14152774,2359,31263,78391,40016,null,null,null,5/21/2017,null,null,940,1352.219,1350,739.525,1060.8,398.8,78391,9,63194,2,73123,null,439,null,9100,18816,null,40,7/27/1979,3,3,9,TARGA PL MID-CONT WESTTEX LLC,"ENLINK CRUDE MARKETING, LLC",19536,8/27/2016,18885,null,9716,SPRABERRY,TX,07C,PERMIAN BASIN,USA,15,0,0,191,Y,GC&SF RR CO,(N/A),P-440,OIL,10/27/2017,4008867,4126046.73,null,null,4639826,4775448.74,null,null,1.96,2077,43,5/15/2066,0.564057,3679852,0,4008867,4639826,1.96,42.53,5/15/2066,0.564057,3679852,0,31.3671383,-101.9985109,COG OPERATING LLC,393287,531810,503400,107456367
42383398160000,CALLON PETROLEUM COMPANY,EAGLEHEAD A-A2,2LH,LEASE,REAGAN (TX),WOLFCAMP,OIL,ACTIVE,H,7/1/2017,10/1/2017,93314,75721,91273,0,548,1,759,616,6421,6384,0,null,null,null,null,null,null,null,null,null,null,null,null,null,null,null,null,null,null,null,872,840,6070194,1012,19370,36206,0,null,null,null,null,null,null,960,1232.34,1230,811.465,1038.1,535,36206,4,27024,2,31363,null,188,null,9503,16454,null,40,9/15/1979,1,1,4,"LUCID ENERGY WESTEX, LLC","MEDALLION OPERATING COMPANY, LLC",19606,3/13/2017,16519,null,6951,LIN,TX,07C,PERMIAN BASIN,USA,1,0,0,215,,HE&WT RR CO,(N/A),P-440,,null,null,,null,null,null,#VALUE!,null,null,null,null,null,null,null,null,null,null,null,null,null,null,null,null,null,31.3760323,-101.7399328,CALLON PETROLEUM OPERATING CO,75721,93314,0,107456390
42461403700000,CONCHO RESOURCES INC.,HASEL28 UNIT,0,LEASE,UPTON (TX),TREND AREA,OIL,ACTIVE,H,3/1/2017,10/1/2017,249796,192573,234206,0,1405,1,1020,786,5930,4814,0,148339,166515,176092,0,null,null,null,null,null,null,null,null,null,null,null,null,null,null,null,714,623,4908900,818,21294,42431,0,null,null,null,null,null,null,870,1297.15,1300,770.921,1146.4,501.9,42431,8,32030,4,37602,null,226,null,9052,19385,null,40,1/14/1982,1,1,8,TARGA PL MID-CONT WESTTEX LLC,"ENLINK CRUDE MARKETING, LLC",19584,8/1/2016,19627,null,10333,SPRABERRY,TX,07C,PERMIAN BASIN,USA,55,0,0,378,Y,TC RR CO,(N/A),P-440,,null,null,,null,null,null,#VALUE!,null,null,null,null,null,null,null,null,null,null,null,null,null,null,null,null,null,31.3406235,-101.9854276,COG OPERATING LLC,192573,249796,0,107456430
42461396320000,"PARSLEY ENERGY OPERATIONS, LLC",MORGAN 33,0,LEASE,UPTON (TX),TREND AREA) R 40 EX,OIL,ACTIVE,H,2/1/2015,10/1/2017,574290,155817,251532,240531,1509,2,395,89,4311,19109,7015,55053,96530,71141,89582,92931,262627,136702,820,153217,133109,489204,214643,1288,230914,null,null,null,null,null,42,303,552032,92,2388,9905,1011,45411,240240,89790,8/20/2017,null,null,7280,4149.917,3690,240.969,137.4,241.1,35698,9,15033,4,18397,null,110,null,8834,14193,null,40,4/27/1981,3,3,33,TARGA PL MID-CONT WESTTEX LLC,"MEDALLION OPERATING COMPANY, LLC",18908,9/3/2014,14404,null,5359,SPRABERRY,TX,07C,PERMIAN BASIN,USA,33,0,0,27,B,CCSD&RGNG RR CO,(N/A),P-440,OIL,10/27/2017,451362,842250.42,2727,0.61,2012164,3754737.82,-59757,-2.88,1.52,494,4,5/14/2064,0.750165,301034,0,451362,2012164,1.52,3.81,5/14/2064,0.750165,301034,0,31.4208829,-101.9649962,"PARSLEY ENERGY OPERATIONS, LLC",32111,133258,23339,107461774
42383393270000,"PARSLEY ENERGY OPERATIONS, LLC",HEADLINERS 6,0,LEASE,REAGAN (TX),WOLFCAMP,OIL,ACTIVE,H,3/1/2015,10/1/2017,459188,287483,364014,737032,2184,2,562,248,4,null,11,59449,46677,67229,162309,96253,112867,115064,690,260559,225269,292983,274100,1645,582018,null,null,null,null,null,510,11,3070300,512,6761,20815,16846,124175,184465,312312,11/13/2016,null,null,20,2276.762,1600,439.22,48568.3,324.8,23079,27,16985,14,19585,14,118,14,8959,14106,null,40.8,12/1/1980,2,2,32,TARGA PL MID-CONT WESTTEX LLC,"MEDALLION OPERATING COMPANY, LLC",19058,2/21/2015,14199,null,5147,LIN,TX,07C,PERMIAN BASIN,USA,7,0,0,465,M,TC RR CO,(N/A),P-440,OIL,10/27/2017,1227623,2385123.37,-21,0,2737132,5317917.23,344769,14.41,2,557,11,6/11/2064,0.529843,953552,0,1227623,2737132,2,10.74,6/11/2064,0.529843,953552,0,31.3923337,-101.6984503,"PARSLEY ENERGY OPERATIONS, LLC",88632,201794,220838,107461788
42461401900000,PIONEER NATURAL RESOURCES COMPANY,BROOK Y-6E,5H,LEASE,UPTON (TX),TREND AREA) R 40 EX,OIL,ACTIVE,H,5/1/2016,10/1/2017,377603,215337,278271,586853,1670,2,746,344,15090,15881,31740,94002,97337,110225,197721,170098,215344,205989,1236,425144,null,null,null,null,null,null,null,null,null,null,460,514,3275700,546,6172,27890,22062,94002,97337,197721,3/2/2017,null,null,1120,2309.853,1750,432.928,896.5,221.3,29633,11,17007,4,19906,null,119,null,9051,19052,null,41.63,1/31/1986,1,1,18,TARGA PL MID-CONT WESTTEX LLC,"PLAINS MARKETING, L.P.",19318,1/27/2016,19185,null,10001,SPRABERRY,TX,07C,PERMIAN BASIN,USA,14,0,0,607,B,"CCSD&RGNG RR CO/THORNTON, J W",(N/A),P-440,OIL,10/27/2017,314674,314642.54,-12038,-3.68,531055,531001.90,17546,3.42,0.08,596,1,8/12/2025,0.583374,111737,0,314674,531055,0.08,0.98,8/12/2025,0.583374,111737,0,31.4008202,-101.8659379,"PIONEER NATURAL RES. USA, INC.",121335,280266,389132,107461797
42461404180000,"BOLD OPERATING, LLC",BOLD HAMMAN 30A,2HM,LEASE,UPTON (TX),TREND AREA) R 40 EX,OIL,ACTIVE,H,12/1/2016,10/1/2017,151974,113333,138662,272244,832,1,454,338,9369,4460,22506,78708,87472,93287,189069,null,null,null,null,null,null,null,null,null,null,null,null,null,null,null,701,694,4902548,817,5952,12020,14298,null,null,null,12/29/2016,null,null,990,1340.951,1340,745.739,1011,495.2,21509,2,21745,2,25330,null,152,null,9417,14716,null,42.85,7/6/1979,1,1,11,"DAVIS GAS PROCESSING, INC.","PLAINS MARKETING, L.P.",19454,10/12/2016,14772,null,5299,SPRABERRY,TX,07C,PERMIAN BASIN,USA,30,0,0,1496,B,"CCSD&RGNG RR CO/WALDROP, MRS M",(N/A),P-440,OIL,10/27/2017,689512,1301211.55,-66175,-8.76,867583,1637257.97,-50116,-5.46,1.73,714,7,3/14/2066,0.755103,588469,0,689512,867583,1.73,6.59,3/14/2066,0.755103,588469,0,31.3972535,-101.9384367,"BOLD OPERATING, LLC",113333,151974,272244,107480948
42461379000000,"PT PETROLEUM, LLC",UNIVMISTY,0,LEASE,UPTON (TX),TREND AREA,OIL,ACTIVE,H,7/1/2015,8/1/2017,36701,9118,15235,3720,91,0,27,10,554,3184,246,2727,17962,5721,1212,4657,23825,8628,52,1928,8605,35385,14503,87,3500,null,null,null,null,null,18,135,244871,41,198,505,85,4244,18736,1693,8/10/2017,null,null,7320,2829.333,4030,353.44,136.7,392.1,4171,2,570,2,1265,null,8,null,8684,13265,null,37.2,6/5/1979,1,1,26,"WTG GAS PROCESSING, L.P.","JP ENERGY PRODUCTS SUPPLY, LLC",18981,5/14/2012,13381,null,4581,SPRABERRY,TX,07C,PERMIAN BASIN,USA,11,0,0,,5,UL,(N/A),P-440,OIL,10/27/2017,68193,148860.51,-10386,-13.22,202199,441386.16,-39904,-16.48,0,12,1,8/19/2057,0.055885,59040,0,68193,202199,0,1,8/19/2057,0.055885,59040,0,31.10934,-101.8567243,"PT PETROLEUM, LLC",3750,10610,1528,107482058
42383387920000,"BOLD OPERATING, LLC",BOLD HARTGROVE UNIT 22B,2HM,LEASE,REAGAN (TX),TREND AREA,OIL,ACTIVE,H,4/1/2015,10/1/2017,376115,134980,197666,292829,1186,1,485,81,6999,4566,11290,56314,107693,74263,90842,79503,125035,100342,602,144765,119503,271743,164794,989,251523,null,null,null,null,null,497,479,3460677,577,2033,12868,5426,49404,86313,124250,7/2/2016,null,null,960,6230.732,2790,160.495,1036.8,158,25147,4,15404,2,17880,null,107,null,8765,16442,null,40,9/25/1979,1,1,31,TARGA PL MID-CONT WESTTEX LLC,"RIO ENERGY INTERNATIONAL, INC.",19579,10/23/2014,16540,null,7677,SPRABERRY,TX,07C,PERMIAN BASIN,USA,22,0,0,4,K,"D&SE RR CO / BAKER, J S T",(N/A),P-440,,null,null,,null,null,null,#VALUE!,null,null,null,null,null,null,null,null,null,null,null,null,null,null,null,null,null,31.3982446,-101.6490207,"BOLD OPERATING, LLC",28921,180199,77187,107482106
42383398150000,CALLON PETROLEUM COMPANY,EAGLEHEAD A-A1,1LH,LEASE,REAGAN (TX),WOLFCAMP,OIL,ACTIVE,H,7/1/2017,10/1/2017,92855,64906,80382,0,482,0,755,528,7514,7353,0,null,null,null,null,null,null,null,null,null,null,null,null,null,null,null,null,null,null,null,745,867,5339129,890,16880,36203,0,null,null,null,null,null,null,1160,1430.607,1430,699.004,859.5,466.3,36203,4,23105,2,27586,null,166,null,9352,16691,null,40,6/23/1981,1,1,4,"LUCID ENERGY WESTEX, LLC","MEDALLION OPERATING COMPANY, LLC",19595,3/22/2017,16768,null,7339,LIN,TX,07C,PERMIAN BASIN,USA,1,0,0,215,,HE&WT RR CO,(N/A),P-440,,null,null,,null,null,null,#VALUE!,null,null,null,null,null,null,null,null,null,null,null,null,null,null,null,null,null,31.3759525,-101.7399086,CALLON PETROLEUM OPERATING CO,64906,92855,0,107482182
42461404320000,SUMMIT PETROLEUM LLC,DOROTHY F,10LS,LEASE,UPTON (TX),TREND AREA,OIL,ACTIVE,H,7/1/2017,9/1/2017,20786,25891,29355,0,176,0,226,281,1923,1358,0,null,null,null,null,null,null,null,null,null,null,null,null,null,null,null,null,null,null,null,301,396,2204065,367,14626,7154,0,null,null,null,null,null,null,1310,802.827,800,1245.598,761.1,2044.5,12274,2,14626,3,15818,null,95,null,8465,17617,null,40,6/23/1981,1,1,3,"WTG GAS PROCESSING, L.P.","PLAINS MARKETING, L.P.",19594,1/31/2017,19578,null,9152,SPRABERRY,TX,07C,PERMIAN BASIN,USA,19,0,0,193,Y,GC&SF RR CO,(N/A),P-440,,null,null,,null,null,null,#VALUE!,null,null,null,null,null,null,null,null,null,null,null,null,null,null,null,null,null,31.350976,-102.0614135,SUMMIT PETROLEUM LLC,25891,20786,0,107482424
42383395940000,"SABLE PERMIAN RESOURCES LAND,LLC",HOLT RE 1222,26HS,LEASE,REAGAN (TX),WOLFCAMP,OIL,ACTIVE,H,8/1/2016,9/1/2017,584308,180946,278331,141221,1670,2,1373,368,17659,22977,13782,106737,254616,149173,83304,168398,524604,255832,1535,131428,null,null,null,null,null,null,null,null,null,null,966,2001,7799033,1300,5465,24349,4265,46647,83020,36406,11/25/2016,null,null,2070,3732.626,3230,267.908,482.8,224.4,60523,3,28988,2,38995,null,234,null,8020,19317,null,40.6,11/19/1980,1,1,14,"LUCID ENERGY WESTEX, LLC","MEDALLION OPERATING COMPANY, LLC",19252,4/3/2016,19418,null,11297,LIN,TX,07C,PERMIAN BASIN,USA,1223,0,0,135,,EL&RR RR CO,(N/A),P-440,OIL,10/27/2017,602936,533713.38,-222092,-26.92,2014355,1783088.43,-555825,-21.63,1.12,951,4,11/11/2065,0.770667,427455,0,602936,2014355,1.12,4,11/11/2065,0.770667,427455,0,31.3489814,-101.5711599,"SABLE PERMIAN RESOURCES LAND,LLC",134299,501288,104815,107503698
42461393690000,DIAMONDBACK E&P LLC,JACEE C UNIT,3H,LEASE,UPTON (TX),TREND AREA,OIL,ACTIVE,H,1/1/2015,10/1/2017,531741,162199,250822,133591,1505,2,38,77,12028,8433,10979,72263,153630,97868,65959,108208,355100,167391,1004,98768,136456,519161,222983,1338,118267,null,null,null,null,null,710,1121,5382143,897,4180,8183,2488,37569,229843,28345,7/8/2017,null,null,1580,547.579,3280,1826.221,633.6,510.8,51259,3,19886,2,25117,null,151,null,9085,19166,null,41,1/1/1980,1,1,34,TARGA PL MID-CONT WESTTEX LLC,EASTEX CRUDE COMPANY,18786,7/8/2014,19353,0,10081,SPRABERRY,TX,07C,PERMIAN BASIN,USA,8,0,0,1424,2,"MK&TE RR CO/HILL, H E",(N/A),P-440,OIL,10/27/2017,527288,523051.28,164094,45.18,552297,547859.34,12813,2.38,2,82,5,4/3/2066,0.179627,371643,0,379946,539160,1.2,2.71,4/13/2064,0.79627,224301,0,31.2935252,-102.0018518,DIAMONDBACK E&P LLC,27260,14927,16371,107517464
42383393540000,CALLON PETROLEUM COMPANY,HAM UNIT RE M 2,0,LEASE,REAGAN (TX),WOLFCAMP,OIL,ACTIVE,H,6/1/2015,10/1/2017,1977811,687933,1017568,1217804,6105,6,1832,439,1413,926,3563,282347,504643,366454,711904,442163,987766,606791,3641,941072,626245,1674105,905262,5432,1148345,null,null,null,null,null,989,1162,7092935,1182,11930,58464,13433,290658,932228,434284,12/7/2016,null,null,1180,4182.323,2880,239.102,851,204.1,130936,5,83838,3,101211,null,607,null,8472,16454,null,42.6,8/16/1980,4,4,29,"WTG GAS PROCESSING, L.P.","MEDALLION OPERATING COMPANY, LLC",18886,3/2/2015,16575,0,7982,LIN,TX,07C,PERMIAN BASIN,USA,2,0,0,716,M,"TC RR CO/WOOD, J",(N/A),P-440,OIL,10/27/2017,1757994,2202448.01,1845,0.11,6226119,7800199.20,151964,2.5,1.23,2756,13,9/11/2064,0.78771,1093376,0,1757994,6226119,1.23,12.67,9/11/2064,0.78771,1093376,0,31.3932037,-101.6937436,CALLON PETROLEUM OPERATING CO,156343,653877,176039,107517598
42383394880000,CALLON PETROLEUM COMPANY,TURNER AR UNIT C,13HK,LEASE,REAGAN (TX),WOLFCAMP,OIL,ACTIVE,H,12/1/2015,10/1/2017,357528,199503,259091,509171,1555,2,569,202,4161,4681,12369,79172,83612,93107,235351,139149,161659,166092,997,413643,null,null,null,null,null,null,null,null,null,null,1035,1105,7314032,1219,5465,23756,7620,130012,145566,386482,2/14/2017,null,null,1070,3050.208,1790,327.847,936.9,230,35549,13,32082,2,37789,null,227,null,8982,16560,null,41.6,12/21/2015,1,1,23,"WTG GAS PROCESSING, L.P.","MEDALLION OPERATING COMPANY, LLC",19216,9/19/2015,16650,0,7578,LIN,TX,07C,PERMIAN BASIN,USA,1,0,0,401,,"ROACH, A",(N/A),P-440,OIL,10/27/2017,997610,1316455.53,47408,4.99,2316371,3056704.94,288705,14.24,2,1054,10,3/13/2065,0.777503,810015,0,997610,2316371,2,10.46,3/13/2065,0.777503,810015,0,31.3569551,-101.7242138,CALLON PETROLEUM OPERATING CO,69491,211962,122689,107517839
42461402080000,PIONEER NATURAL RESOURCES COMPANY,BROOK Y-6D,4H,LEASE,UPTON (TX),TREND AREA) R 40 EX,OIL,ACTIVE,H,5/1/2016,10/1/2017,426378,311762,382825,478230,2297,2,764,478,14486,14757,25631,144562,147589,169160,255785,241846,275210,287714,1726,394612,null,null,null,null,null,null,null,null,null,null,901,926,6329300,1055,9615,25992,11499,144562,147589,255785,6/2/2017,null,null,1030,1667.398,1370,599.737,972.9,369.9,32451,7,31051,3,35893,null,215,null,9427,19265,null,41.63,1/2/1982,1,1,18,TARGA PL MID-CONT WESTTEX LLC,"PLAINS MARKETING, L.P.",19286,12/28/2015,19353,null,9838,SPRABERRY,TX,07C,PERMIAN BASIN,USA,14,0,0,607,B,"CCSD&RGNG RR CO/THORNTON, J W",(N/A),P-440,OIL,10/27/2017,1632797,1659683.88,40462,2.54,2280419,2317970.12,186468,8.91,2,602,16,3/9/2066,0.470387,1340895,0,1380825,1922067,1.38,11.99,8/12/2065,0.607981,1088923,0,31.4002675,-101.8704953,"PIONEER NATURAL RES. USA, INC.",167200,278789,222445,107517866
42461401730000,"BOLD OPERATING, LLC",BOLD HAMMAN 30,1HM,LEASE,UPTON (TX),TREND AREA) R 40 EX,OIL,ACTIVE,H,8/1/2016,10/1/2017,255217,169177,211713,377137,1270,1,504,291,32182,31700,71742,106615,131924,128602,237671,152821,224606,190255,1142,340675,null,null,null,null,null,null,null,null,null,null,719,799,5115767,853,5217,9382,11630,70731,77309,157677,8/9/2016,null,null,1110,1807.163,1510,553.353,900.2,556.1,31700,1,32182,1,37465,null,225,null,9696,14625,null,43,3/3/1979,1,1,15,"DAVIS GAS PROCESSING, INC.","PLAINS MARKETING, L.P.",19257,10/28/2015,14801,null,4929,SPRABERRY,TX,07C,PERMIAN BASIN,USA,30,0,0,1498,B,CCSD&RGNG RR CO/WYATT R L,(N/A),P-440,OIL,10/27/2017,674803,1369046.46,-28519,-4.05,1068857,2168506.80,35161,3.4,1.41,1056,6,11/11/2065,0.805264,516182,0,674803,1068857,1.41,5.6,11/11/2065,0.805264,516182,0,31.3996702,-101.9269918,"BOLD OPERATING, LLC",98446,177908,219460,107517874
42461401940000,PIONEER NATURAL RESOURCES COMPANY,BROOK B-13A,1H,LEASE,UPTON (TX),TREND AREA) R 40 EX,OIL,ACTIVE,H,6/1/2016,10/1/2017,276439,217538,263611,560819,1582,2,552,406,437,1336,1745,95875,96797,112008,382854,166689,183814,197325,1184,502815,null,null,null,null,null,null,null,null,null,null,522,489,3620032,603,9454,19963,10784,77735,79922,310416,3/3/2017,null,null,940,1405.671,1270,711.404,1066.7,473.6,22153,5,20960,5,24652,null,148,null,9425,19328,null,41.63,6/19/2016,1,1,17,TARGA PL MID-CONT WESTTEX LLC,"PLAINS MARKETING, L.P.",19303,1/14/2016,19484,null,9903,SPRABERRY,TX,07C,PERMIAN BASIN,USA,14,0,0,607,B,"CCSD&RGNG RR CO/THORNTON, J W",(N/A),P-440,OIL,10/27/2017,1444826,1458978.09,-12185,-0.84,1798386,1816001.21,70158,4.06,2,680,15,9/12/2065,0.535463,1245769,0,1444826,1798386,2,14.69,9/12/2065,0.535463,1245769,0,31.4004672,-101.867555,"PIONEER NATURAL RES. USA, INC.",139803,196517,250403,107517974
42461401960000,PIONEER NATURAL RESOURCES COMPANY,BROOK B-13C,3H,LEASE,UPTON (TX),TREND AREA) R 40 EX,OIL,ACTIVE,H,6/1/2016,10/1/2017,259481,223965,267212,466729,1603,2,520,429,253,1650,800,93716,91734,109005,296425,169788,180064,199799,1199,411276,null,null,null,null,null,null,null,null,null,null,460,423,3182581,530,10321,18810,10564,74774,74526,236511,6/14/2017,null,null,920,1239.72,1160,806.634,1086.8,548.7,20794,5,20730,5,24196,null,145,null,9479,19083,null,41.63,11/25/1981,1,1,17,TARGA PL MID-CONT WESTTEX LLC,"PLAINS MARKETING, L.P.",19355,3/8/2016,19237,null,9604,SPRABERRY,TX,07C,PERMIAN BASIN,USA,14,0,0,607,B,"CCSD&RGNG RR CO / THORNTON, J W",(N/A),P-440,OIL,10/27/2017,644697,671279.68,-5118,-2.14,717783,747379.22,-5468,-2.16,0.86,682,3,9/12/2065,0.616392,441543,0,644697,717783,0.86,3.3,9/12/2065,0.616392,441543,0,31.4005315,-101.8672762,"PIONEER NATURAL RES. USA, INC.",149191,184955,230218,107518018
42461404190000,HUNT OIL COMPANY,ER UNIT 3-3625,1WA,LEASE,UPTON (TX),TREND AREA,OIL,ACTIVE,H,4/1/2017,10/1/2017,49073,48429,56608,206716,340,0,229,226,7176,5275,30630,43952,46361,51679,187606,null,null,null,null,null,null,null,null,null,null,null,null,null,null,null,330,349,2330839,388,4477,2712,19110,null,null,null,4/22/2017,null,null,1060,1013.298,1010,986.877,947.4,1650.8,10810,2,10241,2,12043,null,72,null,8515,18864,null,40.67,11/13/1980,1,1,7,TARGA PL MID-CONT WESTTEX LLC,EASTEX CRUDE COMPANY,19516,11/7/2016,18968,null,10349,SPRABERRY,TX,07C,PERMIAN BASIN,USA,1,0,0,U37,4,UL,(N/A),P-440,,null,null,,null,null,null,#VALUE!,null,null,null,null,null,null,null,null,null,null,null,null,null,null,null,null,null,31.2155245,-101.8611944,HUNT OIL COMPANY,48429,49073,206716,107518069
42383387620000,APACHE CORPORATION,UNIVERSITY 2303 W HZ UNIT,0,LEASE,REAGAN (TX),TREND AREA,OIL,ACTIVE,H,1/1/2015,10/1/2017,799563,448784,582045,895640,3492,3,815,311,2682,5089,5732,63446,58293,73162,135588,157934,132306,179985,1080,337514,360253,582044,457260,2744,725754,null,null,null,null,null,354,374,2495250,416,7782,16191,14933,211139,405895,412062,11/6/2016,null,null,1060,2585.983,1780,386.7,946.5,480.6,61142,17,24443,16,33458,null,201,null,8449,15951,null,40.7,1/22/2015,4,4,33,"LUCID ENERGY WESTEX, LLC",TRAFIGURA TRADING LLC,18898,8/25/2014,16089,null,7502,SPRABERRY,TX,07C,PERMIAN BASIN,USA,23,0,0,U362,58,UL,(N/A),P-440,OIL,10/27/2017,1440846,1920615.84,256834,21.69,3567942,4755987.74,829737,30.3,1.87,804,11,4/13/2064,0.621375,1007600,0,1440846,3567942,1.87,11.16,4/13/2064,0.621375,1007600,0,31.3169637,-101.6328206,APACHE CORPORATION,111336,287913,213648,107542173
42383391880000,"PARSLEY ENERGY OPERATIONS, LLC",EARL HANKAMER,1HB,LEASE,REAGAN (TX),WOLFCAMP,OIL,ACTIVE,H,3/1/2015,10/1/2017,451770,226332,301627,683985,1810,2,435,152,1074,null,3246,82557,92644,97998,249491,128619,190945,160443,963,388692,183750,309538,235340,1412,555300,null,null,null,null,null,763,652,5228900,871,3484,16449,10529,70243,166417,212278,4/13/2015,null,null,860,2845.203,2000,351.469,1169.3,211.8,49800,29,22883,2,26145,2,157,2,9153,16724,null,40.8,6/25/1978,1,1,32,TARGA PL MID-CONT WESTTEX LLC,"MEDALLION OPERATING COMPANY, LLC",19029,2/20/2015,16803,null,7571,LIN,TX,07C,PERMIAN BASIN,USA,7,0,0,465,M,TC RR CO,(N/A),P-440,OIL,10/27/2017,708913,936353.19,7299,1.04,1698455,2243369.44,225806,15.33,1.47,752,6,6/11/2064,0.725181,489961,0,708913,1698455,1.47,6.33,6/11/2064,0.725181,489961,0,31.3831351,-101.705811,"PARSLEY ENERGY OPERATIONS, LLC",55996,159320,169222,107542621
42383394770000,"SABLE PERMIAN RESOURCES LAND,LLC",UNIVERSITY SR 26-35,36HS,LEASE,REAGAN (TX),WOLFCAMP,OIL,ACTIVE,H,12/1/2015,9/1/2017,149576,50452,75381,395230,452,0,194,57,1871,1217,18330,20231,43715,27517,198200,33728,93483,49308,296,330429,null,null,null,null,null,null,null,null,null,null,198,369,1557548,260,1462,5724,4506,29660,78595,290575,5/24/2017,null,null,1860,3413.861,2960,292.923,537.6,255.4,11426,2,6143,2,8047,null,48,null,8154,15898,null,41.6,2/8/1979,1,1,22,"DCP OPERATING COMPANY, LP","PLAINS MARKETING, L.P.",19218,9/6/2015,15993,null,7744,LIN,TX,07C,PERMIAN BASIN,USA,26,0,0,,9,UNIVERSITY LANDS,(N/A),P-440,OIL,10/27/2017,257834,332946.80,199,0.08,858072,1108047.52,-59498,-6.48,2,202,3,3/13/2065,0.704538,208844,0,257834,858072,2,2.68,3/13/2065,0.704538,208844,0,31.2386197,-101.6380255,"SABLE PERMIAN RESOURCES LAND,LLC",20792,70981,104655,107542651
42461403300000,CONCHO RESOURCES INC.,JUNE UNIT,0,LEASE,UPTON (TX),TREND AREA,OIL,ACTIVE,H,3/1/2017,10/1/2017,708264,307481,425525,0,2553,3,2891,1255,677,1156,0,244373,449357,319266,0,null,null,null,null,null,null,null,null,null,null,null,null,null,null,null,2343,2241,16301233,2717,29787,130698,0,null,null,null,null,null,null,960,2303.44,2300,434.133,1045.6,227.9,136973,6,70300,2,81506,null,489,null,null,null,null,40,8/15/2016,1,1,8,(N/A),(N/A),19464,7/18/2016,19747,null,null,SPRABERRY,TX,07C,PERMIAN BASIN,USA,72,0,0,898,C,"CCSD&RGNG RR CO/BARBER, P P",(N/A),P-440,,null,null,,null,null,null,#VALUE!,null,null,null,null,null,null,null,null,null,null,null,null,null,null,null,null,null,31.4358949,-102.0742109,COG OPERATING LLC,307481,708264,0,107542676
42461404080000,CONCHO RESOURCES INC.,JOYCE P2 UNIT,0,LEASE,UPTON (TX),TREND AREA,OIL,ACTIVE,H,4/1/2017,10/1/2017,573608,380551,476152,345207,2857,3,2680,1778,48752,39837,44224,345352,452836,420825,313277,null,null,null,null,null,null,null,null,null,null,null,null,null,null,null,2487,2025,16948710,2825,35199,120772,31930,null,null,null,6/17/2017,null,null,810,1507.309,1510,663.434,1228.2,291.5,120772,7,77105,2,87568,null,525,null,9140,19749,null,40,8/14/1979,2,2,7,TARGA PL MID-CONT WESTTEX LLC,"ENLINK CRUDE MARKETING, LLC",19621,11/13/2016,19867,null,10609,SPRABERRY,TX,07C,PERMIAN BASIN,USA,83,0,0,52,D,CCSD&RGNG RR CO,(N/A),P-440,,null,null,,null,null,null,#VALUE!,null,null,null,null,null,null,null,null,null,null,null,null,null,null,null,null,null,31.410774,-102.0719556,COG OPERATING LLC,380551,573608,345207,107542755
42383387910000,"BOLD OPERATING, LLC",BOLD HARTGROVE UNIT 22,0,LEASE,REAGAN (TX),TREND AREA,OIL,ACTIVE,H,4/1/2015,10/1/2017,371246,208813,270687,352968,1624,2,424,134,11005,6023,14782,79297,95792,95262,106511,122333,145136,146522,879,178060,182631,275473,228543,1371,300014,null,null,null,null,null,680,628,4706452,784,3595,12696,7271,74972,113426,140425,8/2/2016,null,null,920,3243.838,1780,308.277,1082.8,283.2,21728,4,21073,2,24317,null,146,null,8734,16442,null,40.9,4/8/2015,1,2,31,TARGA PL MID-CONT WESTTEX LLC,"RIO ENERGY INTERNATIONAL, INC.",18878,10/2/2014,16540,null,7708,SPRABERRY,TX,07C,PERMIAN BASIN,USA,22,0,0,4,K,"D&SE RR CO / BAKER, J S T",(N/A),P-440,OIL,10/27/2017,1213878,1574828.75,783914,182.32,4044502,5247148.42,3019518,294.59,1.68,1198,12,7/12/2064,0.734911,887048,0,1213878,4044502,1.68,11.64,7/12/2064,0.734911,887048,0,31.3982164,-101.6491447,"BOLD OPERATING, LLC",48237,156473,97561,107544522
42383394460000,CALLON PETROLEUM COMPANY,DIXON TALLEY RE 1199,01HS,LEASE,REAGAN (TX),WOLFCAMP,OIL,ACTIVE,H,9/1/2015,10/1/2017,101529,44575,61496,124822,369,0,50,26,7200,12468,20162,24502,55060,33679,68613,34048,81398,47614,286,95344,42736,98219,59106,355,119672,null,null,null,null,null,188,425,1555161,259,1372,3102,3842,21797,57159,61037,9/25/2015,null,null,2260,1921.971,2280,520.299,442.9,442.3,13182,2,7200,1,9278,null,56,null,8268,12387,null,42.35,8/14/1978,1,1,26,"LUCID ENERGY WESTEX, LLC","MEDALLION OPERATING COMPANY, LLC",19046,8/5/2015,12478,null,4119,LIN,TX,07C,PERMIAN BASIN,USA,1199,0,0,74,,CCSD & RGNG RR CO,(N/A),P-440,OIL,10/27/2017,57346,139223.11,-1335,-2.28,126506,307127.94,-6524,-4.9,0.64,237,1,7/24/2028,0.854705,14610,0,57346,126506,0.64,1,7/24/2028,0.854705,14610,0,31.3189354,-101.7004976,CALLON PETROLEUM OPERATING CO,9740,18720,27275,107544733
42461394920000,CONCHO RESOURCES INC.,MANN25 UNIT,19H,LEASE,UPTON (TX),TREND AREA,OIL,ACTIVE,H,1/1/2015,10/1/2017,398232,114980,181352,389102,1088,1,280,54,9665,6203,32707,54747,91205,69948,185267,74817,183168,105345,632,253186,99117,316051,151792,911,335420,null,null,null,null,null,340,292,2330250,388,1448,8274,4900,26230,142552,88765,1/16/2015,null,null,860,5168.858,3460,193.466,1162.6,175,23475,4,13987,3,17013,null,102,null,9201,13885,null,40,6/18/1978,1,1,34,TARGA PL MID-CONT WESTTEX LLC,"ENLINK CRUDE MARKETING, LLC",18849,7/27/2014,14044,null,4684,SPRABERRY,TX,07C,PERMIAN BASIN,USA,18,0,0,584,Y,"GC&SF RR CO/ MURCHISON, I",(N/A),P-440,OIL,10/27/2017,293837,627320.67,665,0.23,1321948,2822263.02,306,0.02,1.54,460,2,4/13/2064,0.833496,181825,0,293837,1321948,1.54,2.39,4/13/2064,0.833496,181825,0,31.3434354,-102.0440394,COG OPERATING LLC,19395,100250,65635,107546345
42383387750000,APACHE CORPORATION,UNIVERSITY 2303 E HZ UNIT,0,LEASE,REAGAN (TX),TREND AREA,OIL,ACTIVE,H,3/1/2015,10/1/2017,753620,396960,522563,1130943,3135,3,886,291,8747,6063,28204,39470,26899,43953,127267,162353,147743,186977,1122,505774,331392,532627,420163,2521,956221,null,null,null,null,null,302,235,2048300,341,5825,13087,15522,204705,375503,568876,7/3/2016,null,null,780,2999.371,1900,333.403,1284.2,445.1,64275,17,27590,7,33663,null,202,null,8425,15899,null,41.2,4/30/1978,4,4,31,"LUCID ENERGY WESTEX, LLC",TRAFIGURA TRADING LLC,18900,9/19/2014,16019,null,7474,SPRABERRY,TX,07C,PERMIAN BASIN,USA,23,0,0,U362,58,UL,(N/A),P-440,OIL,10/27/2017,1313679,1757665.24,66083,5.3,3716311,4972318.70,256860,7.42,2,753,12,10/4/2065,0.668216,929769,0,717210,1800032,0.39,1,7/27/2061,0.458584,333300,0,31.3168712,-101.6197287,APACHE CORPORATION,103349,309982,275399,107546424
42461404530000,"PARSLEY ENERGY OPERATIONS, LLC",MORGAN '25-26',0,LEASE,UPTON (TX),TREND AREA) R 40 EX,OIL,ACTIVE,H,5/1/2017,10/1/2017,174471,168606,197685,338847,1186,1,948,916,39486,39494,79355,168606,174471,197685,338847,null,null,null,null,null,null,null,null,null,null,null,null,null,null,null,1275,1354,9006000,1501,19310,26335,38807,null,null,null,5/19/2017,null,null,1060,1034.785,1030,966.384,941.6,733.2,40632,2,39486,1,46068,null,276,null,9368,20129,null,41,9/24/1979,1,1,6,TARGA PL MID-CONT WESTTEX LLC,"MEDALLION OPERATING COMPANY, LLC",19573,11/7/2016,20223,null,10761,SPRABERRY,TX,07C,PERMIAN BASIN,USA,24,0,0,1486,B,"CCSD&RGNG RR CO/PRESTON, S R",(N/A),P-440,,null,null,,null,null,null,#VALUE!,null,null,null,null,null,null,null,null,null,null,null,null,null,null,null,null,null,31.4173419,-101.9152366,"PARSLEY ENERGY OPERATIONS, LLC",168606,174471,338847,107546449
42383388700000,APACHE CORPORATION,UNIVERSITY 2404 B,2HU,LEASE,REAGAN (TX),TREND AREA,OIL,INACTIVE,H,2/1/2015,5/1/2015,16887,23699,26514,35051,159,0,null,null,776,388,1148,null,null,null,null,null,null,null,null,null,null,null,null,null,null,null,null,null,null,null,331,233,2221355,370,4043,2308,5980,null,null,null,3/8/2015,null,null,700,712.562,710,1403.387,1423.4,1751.7,7218,2,10274,2,11477,null,69,null,8376,15242,null,40,5/10/1999,1,1,4,"LUCID ENERGY WESTEX, LLC",TRAFIGURA TRADING LLC,19047,9/3/2014,15504,0,6866,SPRABERRY,TX,07C,PERMIAN BASIN,USA,24,0,0,U363,58,UL,(N/A),P-440,,null,23699,34516.46,null,null,16887,24595.11,null,null,null,null,null,null,null,null,null,23699,16887,null,null,null,null,null,null,31.3168354,-101.6147478,APACHE CORPORATION,23699,16887,35051,107546485
42461402090000,PIONEER NATURAL RESOURCES COMPANY,BROOK Y-6C,3H,LEASE,UPTON (TX),TREND AREA) R 40 EX,OIL,ACTIVE,H,7/1/2016,10/1/2017,241292,220421,260636,455868,1564,2,496,440,10499,9146,23213,95580,95820,111550,211326,174909,186705,206026,1236,366718,null,null,null,null,null,null,null,null,null,null,627,630,4391419,732,9080,8117,17786,65868,64954,145633,5/19/2017,null,null,1010,1140.955,1090,876.459,994.4,1118.6,20052,4,19832,4,23174,null,139,null,9575,19777,null,41.63,6/10/1983,1,1,16,TARGA PL MID-CONT WESTTEX LLC,"PLAINS MARKETING, L.P.",19295,12/22/2015,19904,null,10202,SPRABERRY,TX,07C,PERMIAN BASIN,USA,14,0,0,607,B,"CCSD&RGNG RR CO/THORNTON, J W",(N/A),P-440,OIL,10/27/2017,878722,861323.27,-1343161,-60.45,978906,959523.62,-1454890,-59.78,0.1,530,1,4/4/2050,0.22565,677781,0,878722,978906,0.1,1,4/4/2050,0.22565,677781,0,31.4002354,-101.8706347,"PIONEER NATURAL RES. USA, INC.",154553,176338,310235,107546661
42383397850000,"ADVENTURE OPERATING COMPANY, LLC",TEICHMAN 10,1H,LEASE,REAGAN (TX),TREND AREA,OIL,ACTIVE,H,4/1/2017,10/1/2017,125725,74791,95745,538955,574,1,588,349,14552,15704,104864,68383,110478,86796,492778,null,null,null,null,null,null,null,null,null,null,null,null,null,null,null,596,741,4320194,720,6408,15247,46177,null,null,null,4/15/2017,null,null,1240,1681.018,1680,594.878,804.7,420.3,22980,2,18491,2,22321,null,134,null,9320,14418,null,40,6/29/1979,1,1,7,"WTG GAS PROCESSING, L.P.",LPC CRUDE OIL MARKETING LLC,19518,2/7/2017,14512,null,5098,SPRABERRY,TX,07C,PERMIAN BASIN,USA,9,0,0,345,H,L&SV RR CO,(N/A),P-440,,null,null,,null,null,null,#VALUE!,null,null,null,null,null,null,null,null,null,null,null,null,null,null,null,null,null,31.4166462,-101.7362336,"ADVENTURE OPERATING COMPANY, LLC",74791,125725,538955,107546705
42461402130000,"PARSLEY ENERGY OPERATIONS, LLC",ROGERS 3-40,4403H,LEASE,UPTON (TX),TREND AREA) R 40 EX,OIL,ACTIVE,H,2/1/2016,10/1/2017,238879,197401,237214,517561,1423,1,342,231,8420,7204,22076,85524,78847,98665,224233,139224,144494,163306,980,365028,null,null,null,null,null,null,null,null,null,null,714,573,4860194,810,5799,9443,15204,115059,115081,301670,3/1/2016,null,null,800,1503.461,1210,665.132,1245.8,614.1,17778,2,22148,2,25111,null,151,null,9075,16809,null,40.93,9/20/1980,1,1,21,TARGA PIPELINE MID-CONTINENT LLC,"MEDALLION OPERATING COMPANY, LLC",19290,11/24/2015,16860,null,7734,SPRABERRY,TX,07C,PERMIAN BASIN,USA,3,0,0,185,Y,GC&SF RR CO,(N/A),P-440,OIL,10/27/2017,982461,1270314.20,29836,3.13,1359831,1758250.58,81802,6.4,2,363,10,11/10/2065,0.463417,796780,0,981396,1358307,1.91,10.01,5/14/2065,0.682834,795715,0,31.3905308,-101.8143068,"PARSLEY ENERGY OPERATIONS, LLC",82342,123798,215891,107546961
42461395990000,PIONEER NATURAL RESOURCES COMPANY,PEMBROOK D-29,1H,LEASE,UPTON (TX),TREND AREA) R 40 EX,OIL,ACTIVE,H,5/1/2015,10/1/2017,405902,308124,375774,377074,2255,2,406,230,18282,19758,23292,105269,108296,123318,134115,182822,198502,215906,1295,212939,272469,337802,328769,1973,314577,null,null,null,null,null,773,782,5420267,903,5227,9129,9162,121386,147037,115906,4/6/2017,null,null,1010,1848.175,1320,541.074,987.9,572.6,23474,2,23189,2,27101,null,163,null,9483,19347,null,41.43,9/1/1978,1,1,30,TARGA MIDSTREAM SERVICES LLC,"PLAINS MARKETING, L.P.",19031,2/23/2015,19359,null,9864,SPRABERRY,TX,07C,PERMIAN BASIN,USA,29,0,0,119,D,D&W RR CO,(N/A),P-440,OIL,10/27/2017,962932,976208.43,33630,3.62,1553339,1574755.68,84193,5.73,1.21,762,8,8/11/2064,0.589793,665496,0,962932,1553339,1.21,7.93,8/11/2064,0.589793,665496,0,31.4292667,-101.809922,"PIONEER NATURAL RES. USA, INC.",81469,150569,127053,107558785
42461400880000,HUNT OIL COMPANY,UNIVERSITY 3-35,1HB,LEASE,UPTON (TX),TREND AREA,OIL,ACTIVE,H,7/1/2015,10/1/2017,139074,113836,137015,149682,822,1,115,86,2012,1273,2646,43197,62234,53569,56799,69423,83186,83287,500,91283,105600,129569,127195,763,138852,null,null,null,null,null,411,349,2816419,469,567,329,746,51999,55820,68372,8/11/2015,null,null,850,1321.809,1220,756.539,1178.1,1723.4,15447,3,12748,2,14552,null,87,null,8994,16650,null,41.63,7/21/2015,1,1,28,TARGA MIDSTREAM SERVICES LLC,AMID CRUDE TRUCKING LLC,19064,5/22/2015,16690,null,7656,SPRABERRY,TX,07C,PERMIAN BASIN,USA,2,0,0,,4,UNIVERSITY LAND,(N/A),P-440,OIL,10/27/2017,488054,637479.10,9137,1.91,637597,832806.95,36567,6.08,1.94,112,5,12/4/2065,0.2836,377303,0,499053,652222,2,5.21,10/11/2064,0.725945,388302,0,31.2076084,-101.8440966,HUNT OIL COMPANY,30776,40680,40468,107558792
42383395520000,"PARSLEY ENERGY OPERATIONS, LLC",PETTIT '8A-8',4401H,LEASE,REAGAN (TX),TREND AREA,OIL,ACTIVE,H,3/1/2016,10/1/2017,153402,83741,109308,204515,656,1,193,92,5072,5243,12387,43340,68679,54787,105847,63814,117973,83476,501,155848,null,null,null,null,null,null,null,null,null,null,403,374,2791333,465,2496,7915,6096,51162,85663,124950,4/1/2016,null,null,930,2079.223,1830,480.949,1078.8,315.4,16640,3,12089,2,13957,null,84,null,8768,13817,null,40.8,4/11/1979,1,1,20,TARGA PL MID-CONT WESTTEX LLC,"BML, INC.  B",19392,2/15/2016,13938,null,5049,SPRABERRY,TX,07C,PERMIAN BASIN,USA,2,0,0,195,,"EICKE, H/HARRISON, Z T",(N/A),P-440,OIL,10/27/2017,353418,699976.23,203412,257.04,674449,1335807.09,395408,267.98,1.73,397,3,6/12/2065,0.775102,274989,0,353418,674449,1.73,3.37,6/12/2065,0.775102,274989,0,31.3610255,-101.605859,"PARSLEY ENERGY OPERATIONS, LLC",32579,67739,79565,107560770
42383393480000,CALLON PETROLEUM COMPANY,TURNER AR UNIT,0,LEASE,REAGAN (TX),WOLFCAMP,OIL,ACTIVE,H,7/1/2015,10/1/2017,1677715,473875,753494,1073806,4521,5,2353,373,37707,37093,73454,199257,434489,271672,388158,290067,645916,397720,2386,680028,445130,1368149,673155,4039,1039533,null,null,null,null,null,2015,4209,16297935,2716,6201,70163,7394,185236,484652,546299,5/30/2017,null,null,2090,6827.768,3540,146.461,478.8,88.4,130464,2,62462,2,84206,null,505,null,8589,16501,null,43.4,6/1/1978,2,2,28,"WTG GAS PROCESSING, L.P.","MEDALLION OPERATING COMPANY, LLC",18912,2/25/2015,16595,null,7912,LIN,TX,07C,PERMIAN BASIN,USA,1,0,0,401,,"ROACH, A",(N/A),P-440,OIL,10/27/2017,1834103,2318128.16,-42229,-2.25,9197786,11625108.70,323510,3.65,1.96,1932,18,10/11/2064,0.782371,1372564,0,1834103,9197786,1.96,18.14,10/11/2064,0.782371,1372564,0,31.3569461,-101.7126837,CALLON PETROLEUM OPERATING CO,128135,874876,214841,107561984
42461394570000,DIAMONDBACK E&P LLC,JACEE E UNIT,5H,LEASE,UPTON (TX),TREND AREA,OIL,ACTIVE,H,1/1/2017,10/1/2017,241393,69075,109307,50301,656,1,794,227,13075,16091,9521,52662,147580,77259,38349,null,null,null,null,null,null,null,null,null,null,null,null,null,null,null,399,936,3326893,554,2358,7618,1717,null,null,null,6/15/2017,null,null,2350,3494.651,3490,286.152,425.9,309.5,37670,5,13075,1,17353,null,104,null,8986,19067,null,43.2,6/13/1978,1,1,10,TARGA PL MID-CONT WESTTEX LLC,EASTEX CRUDE COMPANY,18939,11/16/2014,19273,null,10081,SPRABERRY,TX,07C,PERMIAN BASIN,USA,8,0,0,1424,2,"MK&TE RR CO/HILL, H E",(N/A),P-440,OIL,10/27/2017,182998,181527.63,89168,95.03,614522,609584.37,322448,110.4,0.71,430,1,9/14/2054,0.763868,119787,0,182998,614522,0.71,1,9/14/2054,0.763868,119787,0,31.2934193,-102.0051585,DIAMONDBACK E&P LLC,69075,241393,50301,107563096
42461404330000,SUMMIT PETROLEUM LLC,DOROTHY H,14WA,LEASE,UPTON (TX),TREND AREA,OIL,ACTIVE,H,8/1/2017,9/1/2017,18846,8496,11637,0,70,0,309,139,3230,4159,0,null,null,null,null,null,null,null,null,null,null,null,null,null,null,null,null,null,null,null,176,490,1542767,257,5266,14687,0,null,null,null,null,null,null,2790,2218.22,2220,450.812,358.5,358.5,14687,2,5266,2,7714,null,46,null,null,19991,null,40,10/29/1979,1,1,2,"WTG GAS PROCESSING, L.P.","PLAINS MARKETING, L.P.",19648,2/28/2017,20111,null,null,SPRABERRY,TX,07C,PERMIAN BASIN,USA,,0,0,,,,(N/A),P-440,,null,null,,null,null,null,#VALUE!,null,null,null,null,null,null,null,null,null,null,null,null,null,null,null,null,null,31.350915,-102.0616591,SUMMIT PETROLEUM LLC,8496,18846,0,107563114
42461403740000,CONCHO RESOURCES INC.,HASEL28 P2 UNIT 1,0,LEASE,UPTON (TX),TREND AREA,OIL,ACTIVE,H,3/1/2017,10/1/2017,209598,195198,230131,0,1381,1,856,797,11913,8987,0,156526,159836,183165,0,null,null,null,null,null,null,null,null,null,null,null,null,null,null,null,1133,1104,7901800,1317,18450,25791,0,null,null,null,null,null,null,970,1073.771,1070,931.297,1026.2,715.4,33120,2,33989,2,39509,null,237,null,8801,18696,null,40,9/4/1979,1,1,8,TARGA PL MID-CONT WESTTEX LLC,"ENLINK CRUDE MARKETING, LLC",19564,9/26/2016,18962,null,9895,SPRABERRY,TX,07C,PERMIAN BASIN,USA,28,0,0,1521,Y,"TC RR CO/MASSINGILL, M E",(N/A),P-440,,null,null,,null,null,null,#VALUE!,null,null,null,null,null,null,null,null,null,null,null,null,null,null,null,null,null,31.3437925,-101.9822385,COG OPERATING LLC,195198,209598,0,107576024
42383392550000,APACHE CORPORATION,TURNER 1208,4H,LEASE,REAGAN (TX),TREND AREA) R 40 EX,OIL,ACTIVE,H,3/1/2015,10/1/2017,116984,76418,95915,137805,575,1,79,57,5344,null,13761,28036,39100,34553,72192,39109,71899,51092,307,99146,63508,97337,79731,478,124317,null,null,null,null,null,119,73,784267,131,2153,4029,2249,22727,31782,30435,6/29/2017,null,null,610,1442.035,1530,693.465,1627.2,534.4,13179,2,8399,3,10596,3,64,3,8553,12253,null,41.35,5/1/1983,1,1,32,"WTG GAS PROCESSING, L.P.","MEDALLION OPERATING COMPANY, LLC",19025,1/3/2015,12370,null,3700,SPRABERRY,TX,07C,PERMIAN BASIN,USA,1208,0,0,961,,"GC&SF RR CO/EARTAIN, MRS C A",(N/A),P-440,OIL,10/27/2017,273495,739175.68,653,0.24,370816,1002205.41,19393,5.52,2,276,3,6/11/2064,0.777503,201125,0,273495,370816,2,2.75,6/11/2064,0.777503,201125,0,31.3297847,-101.6439682,APACHE CORPORATION,20150,29057,21002,107576219
42461403020000,APACHE CORPORATION,STONE 5202W (ALLOC),4H,LEASE,UPTON (TX),TREND AREA,OIL,ACTIVE,H,6/1/2016,10/1/2017,86122,74561,88915,144170,533,1,117,113,889,799,2824,38786,54633,47892,123194,59594,63106,70112,421,141241,null,null,null,null,null,null,null,null,null,null,438,402,3028387,505,2604,4211,510,35587,49867,113033,5/20/2017,null,null,920,930.236,1160,1074.997,1087.9,618.4,15036,3,13568,2,15647,null,94,null,7841,15036,null,40.05,12/29/1960,1,1,17,TARGA MIDSTREAM SERVICES LLC,TRAFIGURA TRADING LLC,19409,3/28/2016,15121,null,7195,SPRABERRY,TX,07C,PERMIAN BASIN,USA,52,0,0,1241,,"GC&SF RR CO/JOHNSON, J H",(N/A),P-440,OIL,10/27/2017,439973,611498.26,219187,99.28,467548,649823.49,217584,87.05,1.99,446,5,9/12/2065,0.769055,370831,0,439973,467548,1.99,4.56,9/12/2065,0.769055,370831,0,31.1812944,-101.8956706,APACHE CORPORATION,38974,36255,31137,107594036
42383388680000,APACHE CORPORATION,UNIVERSITY 2404 HZ UNIT,0,LEASE,REAGAN (TX),TREND AREA,OIL,ACTIVE,H,8/1/2015,10/1/2017,720660,344000,464110,915093,2785,3,928,290,3090,298,7500,106362,91215,121565,263366,206760,282221,253797,1523,538710,322909,635798,428875,2573,857251,null,null,null,null,null,820,567,5484633,914,6960,28460,19088,191434,352352,512144,10/7/2016,null,null,690,3220.208,2090,310.539,1445.4,244.6,54951,10,24588,2,32871,null,197,null,8264,15842,null,40.05,4/15/1978,4,4,27,"LUCID ENERGY WESTEX, LLC","MEDALLION OPERATING COMPANY, LLC",18899,9/3/2014,15955,null,7578,SPRABERRY,TX,07C,PERMIAN BASIN,USA,24,0,0,U363,58,UL,(N/A),P-440,OIL,10/27/2017,1423574,1878561.63,155790,12.29,3915014,5166289.26,599615,18.09,2,607,14,8/7/2065,0.541459,1069197,0,1358197,3717035,1.52,9.47,5/14/2064,0.537597,1003820,0,31.3168536,-101.6172711,APACHE CORPORATION,103511,333327,283881,107594181
42461396560000,CONCHO RESOURCES INC.,HASEL19 UNIT,32H,LEASE,UPTON (TX),TREND AREA,OIL,ACTIVE,H,2/1/2015,10/1/2017,635007,198574,304409,139323,1826,2,553,77,8307,null,7964,82261,79560,95521,78867,133018,246887,174166,1045,123081,179621,494315,262007,1572,134864,null,null,null,null,null,671,550,4574742,762,2024,13936,476,60570,278137,26834,3/31/2017,null,null,820,7177.812,3200,139.318,1218.4,145.2,32632,9,20792,2,23636,2,142,2,9202,14200,null,40,6/15/1978,1,1,33,TARGA PL MID-CONT WESTTEX LLC,"PLAINS MARKETING, L.P.",18975,10/27/2014,14288,null,4998,SPRABERRY,TX,07C,PERMIAN BASIN,USA,24,0,0,585,Y,"GC&SF RR CO/MURCHISON, I",(N/A),P-440,OIL,10/27/2017,252223,504647.86,7769,3.18,1008535,2017877.15,68421,7.28,0.43,532,1,2/11/2036,0.694032,57375,0,252223,1008535,0.43,0.99,2/11/2036,0.694032,57375,0,31.34044,-102.0523126,COG OPERATING LLC,27546,197720,6589,107594190
42461403800000,CONCHO RESOURCES INC.,COWDEN28 UNIT,0,LEASE,UPTON (TX),TREND AREA,OIL,ACTIVE,H,3/1/2017,10/1/2017,244360,195019,235746,0,1414,1,997,796,13309,12535,0,156955,176720,186408,0,null,null,null,null,null,null,null,null,null,null,null,null,null,null,null,1198,1207,8393800,1399,21392,38833,0,null,null,null,null,null,null,1010,1253.006,1250,798.081,992.6,550.9,38833,8,35935,2,41969,null,252,null,8982,19335,null,40,9/7/1979,2,2,8,TARGA PL MID-CONT WESTTEX LLC,"ENLINK CRUDE MARKETING, LLC",19559,8/9/2016,19975,null,10353,SPRABERRY,TX,07C,PERMIAN BASIN,USA,55,0,0,378,Y,TC RR CO,(N/A),P-440,,null,null,,null,null,null,#VALUE!,null,null,null,null,null,null,null,null,null,null,null,null,null,null,null,null,null,31.3405019,-101.9854013,COG OPERATING LLC,195019,244360,0,107594218
42461403880000,SUMMIT PETROLEUM LLC,DOROTHY A,02WB,LEASE,UPTON (TX),TREND AREA,OIL,ACTIVE,H,1/1/2017,9/1/2017,318945,103867,157025,95937,942,1,1168,380,1318,646,1217,86955,214221,122659,80316,null,null,null,null,null,null,null,null,null,null,null,null,null,null,null,975,843,6692393,1115,5368,34255,4958,null,null,null,2/18/2017,null,null,860,3070.706,3070,325.658,1157.1,156.7,68477,4,27759,3,36779,null,221,null,9235,20173,null,40,1/17/2017,1,1,9,"WTG GAS PROCESSING, L.P.","PLAINS MARKETING, L.P.",19626,10/2/2016,20287,null,10938,SPRABERRY,TX,07C,PERMIAN BASIN,USA,19,0,0,193,Y,GC&SF RR CO,(N/A),P-440,,null,null,,null,null,null,#VALUE!,null,null,null,null,null,null,null,null,null,null,null,null,null,null,null,null,null,31.3497566,-102.0664035,SUMMIT PETROLEUM LLC,103867,318945,95937,107594233
42383395870000,APACHE CORPORATION,WEATHERBY 2728 UNIT,5HA,LEASE,REAGAN (TX),TREND AREA,OIL,ACTIVE,H,7/1/2016,10/1/2017,351339,183064,241621,316715,1450,1,729,327,15443,12285,26718,94768,127663,116045,163956,148808,246219,189845,1139,257449,null,null,null,null,null,null,null,null,null,null,672,874,4907000,818,9689,33734,16763,69268,83691,119839,7/24/2016,null,null,1300,2351.998,1920,425.17,769.4,287.2,33734,16,20839,2,25353,null,152,null,7958,17058,null,40.45,5/7/1979,1,1,16,TARGA PIPELINE MID-CONTINENT LLC,"MEDALLION OPERATING COMPANY, LLC",19403,4/20/2016,17179,null,9100,SPRABERRY,TX,07C,PERMIAN BASIN,USA,1227,0,0,136,,EL&RR RR CO,(N/A),P-440,OIL,10/27/2017,538661,591935.16,-3470,-0.64,1011943,1112025.27,51627,5.38,0.95,684,3,10/12/2065,0.67763,375156,0,538661,1011943,0.95,3.16,10/12/2065,0.67763,375156,0,31.3181035,-101.6097285,APACHE CORPORATION,113796,267648,196876,107599274
42383379990000,SEM OPERATING COMPANY LLC,UNIVERSITY 09B,1101H,WELL,REAGAN (TX),WOLFCAMP,GAS,ACTIVE,H,11/1/2015,9/1/2017,152434,22212,47618,85716,286,0,233,36,null,3923,2074,3572,34159,9265,18564,10231,73387,22462,135,40836,null,null,null,null,null,null,null,null,null,null,0,179,179419,30,1312,6426,3648,9210,67301,37381,3/7/2016,125,300,null,6547.685,6860,152.726,0,204.2,18437,22,1312,20,4153,22,25,22,8680,17121,0.86,40.4,5/30/2013,1,1,23,"LUCID ENERGY WESTEX, LLC","PLAINS MARKETING, L.P.",279529,10/16/2012,17185,0,8441,LIN,TX,07C,PERMIAN BASIN,USA,11,0,0,,9,UNIVERSITY LAND,(N/A),P-440,OIL,10/28/2017,146241,173250.80,110112,304.77,848048,1004677.17,626524,282.82,2,43,1,2/10/2065,0.332325,126421,0,146241,848048,2,1.36,2/10/2065,0.332325,126421,0,31.2800331,-101.6396248,SEM OPERATING COMPANY LLC,13002,85133,48335,129572756
